▲ Next.js 16.2.6 (Turbopack)
- Local:         http://localhost:3000
- Network:       http://10.5.0.2:3000
- Environments: .env
✓ Ready in 366ms

prisma:query SELECT `main`.`products`.`id`, `main`.`products`.`name`, `main`.`products`.`slug`, `main`.`products`.`description`, `main`.`products`.`shortDesc`, `main`.`products`.`price`, `main`.`products`.`salePrice`, `main`.`products`.`stock`, `main`.`products`.`sku`, `main`.`products`.`type`, `main`.`products`.`status`, `main`.`products`.`images`, `main`.`products`.`categoryId`, `main`.`products`.`createdAt`, `main`.`products`.`updatedAt` FROM `main`.`products` WHERE `main`.`products`.`status` = ? ORDER BY `main`.`products`.`createdAt` DESC LIMIT ? OFFSET ?
 GET / 200 in 1933ms (next.js: 1518ms, application-code: 414ms)
 GET /api/auth/session 200 in 928ms (next.js: 909ms, application-code: 19ms)
 GET /api/auth/session 200 in 13ms (next.js: 8ms, application-code: 5ms)
 GET / 200 in 9ms (next.js: 3ms, application-code: 6ms)
prisma:query SELECT `main`.`products`.`id`, `main`.`products`.`name`, `main`.`products`.`slug`, `main`.`products`.`description`, `main`.`products`.`shortDesc`, `main`.`products`.`price`, `main`.`products`.`salePrice`, `main`.`products`.`stock`, `main`.`products`.`sku`, `main`.`products`.`type`, `main`.`products`.`status`, `main`.`products`.`images`, `main`.`products`.`categoryId`, `main`.`products`.`createdAt`, `main`.`products`.`updatedAt` FROM `main`.`products` WHERE `main`.`products`.`status` = ? ORDER BY `main`.`products`.`createdAt` DESC LIMIT ? OFFSET ?
 GET / 200 in 21ms (next.js: 1981µs, application-code: 19ms)
 GET /login 200 in 292ms (next.js: 276ms, application-code: 16ms)
 GET /register 200 in 253ms (next.js: 238ms, application-code: 16ms)
prisma:query SELECT `main`.`products`.`id`, `main`.`products`.`name`, `main`.`products`.`slug`, `main`.`products`.`description`, `main`.`products`.`shortDesc`, `main`.`products`.`price`, `main`.`products`.`salePrice`, `main`.`products`.`stock`, `main`.`products`.`sku`, `main`.`products`.`type`, `main`.`products`.`status`, `main`.`products`.`images`, `main`.`products`.`categoryId`, `main`.`products`.`createdAt`, `main`.`products`.`updatedAt` FROM `main`.`products` WHERE `main`.`products`.`status` = ? ORDER BY `main`.`products`.`createdAt` DESC LIMIT ? OFFSET ?
 GET / 200 in 22ms (next.js: 2ms, application-code: 20ms)
 GET / 200 in 8ms (next.js: 3ms, application-code: 5ms)
prisma:query SELECT `main`.`products`.`id`, `main`.`products`.`name`, `main`.`products`.`slug`, `main`.`products`.`description`, `main`.`products`.`shortDesc`, `main`.`products`.`price`, `main`.`products`.`salePrice`, `main`.`products`.`stock`, `main`.`products`.`sku`, `main`.`products`.`type`, `main`.`products`.`status`, `main`.`products`.`images`, `main`.`products`.`categoryId`, `main`.`products`.`createdAt`, `main`.`products`.`updatedAt` FROM `main`.`products` WHERE `main`.`products`.`status` = ? ORDER BY `main`.`products`.`createdAt` DESC LIMIT ? OFFSET ?
 GET / 200 in 21ms (next.js: 2ms, application-code: 19ms)
 GET /products?type=SOFTWARE_KEY 404 in 229ms (next.js: 213ms, application-code: 15ms)
 GET /products?type=SOFTWARE_KEY 404 in 44ms (next.js: 3ms, application-code: 41ms)
 GET /api/auth/session 200 in 14ms (next.js: 8ms, application-code: 6ms)
 GET /api/auth/session 200 in 6ms (next.js: 1771µs, application-code: 4ms)
prisma:query SELECT `main`.`products`.`id`, `main`.`products`.`name`, `main`.`products`.`slug`, `main`.`products`.`description`, `main`.`products`.`shortDesc`, `main`.`products`.`price`, `main`.`products`.`salePrice`, `main`.`products`.`stock`, `main`.`products`.`sku`, `main`.`products`.`type`, `main`.`products`.`status`, `main`.`products`.`images`, `main`.`products`.`categoryId`, `main`.`products`.`createdAt`, `main`.`products`.`updatedAt` FROM `main`.`products` WHERE `main`.`products`.`status` = ? ORDER BY `main`.`products`.`createdAt` DESC LIMIT ? OFFSET ?
 GET / 200 in 26ms (next.js: 2ms, application-code: 23ms)
 GET / 200 in 8ms (next.js: 1931µs, application-code: 6ms)
prisma:query SELECT `main`.`products`.`id`, `main`.`products`.`name`, `main`.`products`.`slug`, `main`.`products`.`description`, `main`.`products`.`shortDesc`, `main`.`products`.`price`, `main`.`products`.`salePrice`, `main`.`products`.`stock`, `main`.`products`.`sku`, `main`.`products`.`type`, `main`.`products`.`status`, `main`.`products`.`images`, `main`.`products`.`categoryId`, `main`.`products`.`createdAt`, `main`.`products`.`updatedAt` FROM `main`.`products` WHERE `main`.`products`.`status` = ? ORDER BY `main`.`products`.`createdAt` DESC LIMIT ? OFFSET ?
 GET / 200 in 21ms (next.js: 1791µs, application-code: 19ms)
 GET /login 200 in 16ms (next.js: 1835µs, application-code: 14ms)
 GET /login 200 in 45ms (next.js: 1922µs, application-code: 43ms)
 GET /api/auth/session 200 in 14ms (next.js: 7ms, application-code: 6ms)
 GET /api/auth/session 200 in 5ms (next.js: 1383µs, application-code: 3ms)
prisma:query SELECT `main`.`products`.`id`, `main`.`products`.`name`, `main`.`products`.`slug`, `main`.`products`.`description`, `main`.`products`.`shortDesc`, `main`.`products`.`price`, `main`.`products`.`salePrice`, `main`.`products`.`stock`, `main`.`products`.`sku`, `main`.`products`.`type`, `main`.`products`.`status`, `main`.`products`.`images`, `main`.`products`.`categoryId`, `main`.`products`.`createdAt`, `main`.`products`.`updatedAt` FROM `main`.`products` WHERE `main`.`products`.`status` = ? ORDER BY `main`.`products`.`createdAt` DESC LIMIT ? OFFSET ?
 GET / 200 in 22ms (next.js: 1924µs, application-code: 20ms)
 GET /login 200 in 14ms (next.js: 1945µs, application-code: 12ms)
 GET /api/auth/providers 200 in 11ms (next.js: 5ms, application-code: 5ms)
 GET /api/auth/csrf 200 in 5ms (next.js: 1285µs, application-code: 3ms)
prisma:query SELECT `main`.`users`.`id`, `main`.`users`.`email`, `main`.`users`.`passwordHash`, `main`.`users`.`name`, `main`.`users`.`avatar`, `main`.`users`.`balance`, `main`.`users`.`role`, `main`.`users`.`createdAt`, `main`.`users`.`updatedAt` FROM `main`.`users` WHERE (`main`.`users`.`email` = ? AND 1=1) LIMIT ? OFFSET ?
 POST /api/auth/callback/credentials? 200 in 260ms (next.js: 1331µs, application-code: 258ms)
 GET /api/auth/session 200 in 9ms (next.js: 1418µs, application-code: 8ms)
prisma:query SELECT `main`.`orders`.`id`, `main`.`orders`.`orderNumber`, `main`.`orders`.`userId`, `main`.`orders`.`totalAmount`, `main`.`orders`.`discountAmount`, `main`.`orders`.`finalAmount`, `main`.`orders`.`status`, `main`.`orders`.`paymentMethod`, `main`.`orders`.`paymentStatus`, `main`.`orders`.`transactionCode`, `main`.`orders`.`customerEmail`, `main`.`orders`.`customerName`, `main`.`orders`.`customerPhone`, `main`.`orders`.`note`, `main`.`orders`.`createdAt`, `main`.`orders`.`updatedAt` FROM `main`.`orders` WHERE `main`.`orders`.`userId` = ? ORDER BY `main`.`orders`.`createdAt` DESC LIMIT ? OFFSET ?
prisma:query SELECT `main`.`order_items`.`id`, `main`.`order_items`.`orderId`, `main`.`order_items`.`productId`, `main`.`order_items`.`quantity`, `main`.`order_items`.`price`, `main`.`order_items`.`total` FROM `main`.`order_items` WHERE `main`.`order_items`.`orderId` IN (NULL) LIMIT ? OFFSET ?
prisma:query SELECT `main`.`products`.`id`, `main`.`products`.`name`, `main`.`products`.`slug`, `main`.`products`.`description`, `main`.`products`.`shortDesc`, `main`.`products`.`price`, `main`.`products`.`salePrice`, `main`.`products`.`stock`, `main`.`products`.`sku`, `main`.`products`.`type`, `main`.`products`.`status`, `main`.`products`.`images`, `main`.`products`.`categoryId`, `main`.`products`.`createdAt`, `main`.`products`.`updatedAt` FROM `main`.`products` WHERE `main`.`products`.`id` IN (NULL) LIMIT ? OFFSET ?
prisma:query SELECT `main`.`users`.`id`, `main`.`users`.`email`, `main`.`users`.`passwordHash`, `main`.`users`.`name`, `main`.`users`.`avatar`, `main`.`users`.`balance`, `main`.`users`.`role`, `main`.`users`.`createdAt`, `main`.`users`.`updatedAt` FROM `main`.`users` WHERE (`main`.`users`.`id` = ? AND 1=1) LIMIT ? OFFSET ?
prisma:query SELECT `main`.`product_keys`.`id`, `main`.`product_keys`.`productId`, `main`.`product_keys`.`keyValue`, `main`.`product_keys`.`status`, `main`.`product_keys`.`orderId`, `main`.`product_keys`.`note`, `main`.`product_keys`.`soldAt`, `main`.`product_keys`.`createdAt` FROM `main`.`product_keys` WHERE 1=0 ORDER BY `main`.`product_keys`.`soldAt` DESC LIMIT ? OFFSET ?
prisma:query SELECT `main`.`products`.`id`, `main`.`products`.`name`, `main`.`products`.`slug`, `main`.`products`.`description`, `main`.`products`.`shortDesc`, `main`.`products`.`price`, `main`.`products`.`salePrice`, `main`.`products`.`stock`, `main`.`products`.`sku`, `main`.`products`.`type`, `main`.`products`.`status`, `main`.`products`.`images`, `main`.`products`.`categoryId`, `main`.`products`.`createdAt`, `main`.`products`.`updatedAt` FROM `main`.`products` WHERE `main`.`products`.`id` IN (NULL) LIMIT ? OFFSET ?
prisma:query SELECT `main`.`orders`.`id`, `main`.`orders`.`orderNumber`, `main`.`orders`.`userId`, `main`.`orders`.`totalAmount`, `main`.`orders`.`discountAmount`, `main`.`orders`.`finalAmount`, `main`.`orders`.`status`, `main`.`orders`.`paymentMethod`, `main`.`orders`.`paymentStatus`, `main`.`orders`.`transactionCode`, `main`.`orders`.`customerEmail`, `main`.`orders`.`customerName`, `main`.`orders`.`customerPhone`, `main`.`orders`.`note`, `main`.`orders`.`createdAt`, `main`.`orders`.`updatedAt` FROM `main`.`orders` WHERE `main`.`orders`.`id` IN (NULL) LIMIT ? OFFSET ?
 GET /dashboard 200 in 455ms (next.js: 346ms, application-code: 109ms)
prisma:query SELECT `main`.`orders`.`id`, `main`.`orders`.`orderNumber`, `main`.`orders`.`userId`, `main`.`orders`.`totalAmount`, `main`.`orders`.`discountAmount`, `main`.`orders`.`finalAmount`, `main`.`orders`.`status`, `main`.`orders`.`paymentMethod`, `main`.`orders`.`paymentStatus`, `main`.`orders`.`transactionCode`, `main`.`orders`.`customerEmail`, `main`.`orders`.`customerName`, `main`.`orders`.`customerPhone`, `main`.`orders`.`note`, `main`.`orders`.`createdAt`, `main`.`orders`.`updatedAt` FROM `main`.`orders` WHERE `main`.`orders`.`userId` = ? ORDER BY `main`.`orders`.`createdAt` DESC LIMIT ? OFFSET ?
prisma:query SELECT `main`.`order_items`.`id`, `main`.`order_items`.`orderId`, `main`.`order_items`.`productId`, `main`.`order_items`.`quantity`, `main`.`order_items`.`price`, `main`.`order_items`.`total` FROM `main`.`order_items` WHERE `main`.`order_items`.`orderId` IN (NULL) LIMIT ? OFFSET ?
prisma:query SELECT `main`.`products`.`id`, `main`.`products`.`name`, `main`.`products`.`slug`, `main`.`products`.`description`, `main`.`products`.`shortDesc`, `main`.`products`.`price`, `main`.`products`.`salePrice`, `main`.`products`.`stock`, `main`.`products`.`sku`, `main`.`products`.`type`, `main`.`products`.`status`, `main`.`products`.`images`, `main`.`products`.`categoryId`, `main`.`products`.`createdAt`, `main`.`products`.`updatedAt` FROM `main`.`products` WHERE `main`.`products`.`id` IN (NULL) LIMIT ? OFFSET ?
prisma:query SELECT `main`.`users`.`id`, `main`.`users`.`email`, `main`.`users`.`passwordHash`, `main`.`users`.`name`, `main`.`users`.`avatar`, `main`.`users`.`balance`, `main`.`users`.`role`, `main`.`users`.`createdAt`, `main`.`users`.`updatedAt` FROM `main`.`users` WHERE (`main`.`users`.`id` = ? AND 1=1) LIMIT ? OFFSET ?
prisma:query SELECT `main`.`product_keys`.`id`, `main`.`product_keys`.`productId`, `main`.`product_keys`.`keyValue`, `main`.`product_keys`.`status`, `main`.`product_keys`.`orderId`, `main`.`product_keys`.`note`, `main`.`product_keys`.`soldAt`, `main`.`product_keys`.`createdAt` FROM `main`.`product_keys` WHERE 1=0 ORDER BY `main`.`product_keys`.`soldAt` DESC LIMIT ? OFFSET ?
prisma:query SELECT `main`.`products`.`id`, `main`.`products`.`name`, `main`.`products`.`slug`, `main`.`products`.`description`, `main`.`products`.`shortDesc`, `main`.`products`.`price`, `main`.`products`.`salePrice`, `main`.`products`.`stock`, `main`.`products`.`sku`, `main`.`products`.`type`, `main`.`products`.`status`, `main`.`products`.`images`, `main`.`products`.`categoryId`, `main`.`products`.`createdAt`, `main`.`products`.`updatedAt` FROM `main`.`products` WHERE `main`.`products`.`id` IN (NULL) LIMIT ? OFFSET ?
prisma:query SELECT `main`.`orders`.`id`, `main`.`orders`.`orderNumber`, `main`.`orders`.`userId`, `main`.`orders`.`totalAmount`, `main`.`orders`.`discountAmount`, `main`.`orders`.`finalAmount`, `main`.`orders`.`status`, `main`.`orders`.`paymentMethod`, `main`.`orders`.`paymentStatus`, `main`.`orders`.`transactionCode`, `main`.`orders`.`customerEmail`, `main`.`orders`.`customerName`, `main`.`orders`.`customerPhone`, `main`.`orders`.`note`, `main`.`orders`.`createdAt`, `main`.`orders`.`updatedAt` FROM `main`.`orders` WHERE `main`.`orders`.`id` IN (NULL) LIMIT ? OFFSET ?
 GET /dashboard 200 in 83ms (next.js: 4ms, application-code: 79ms)
 GET /deposit 200 in 237ms (next.js: 221ms, application-code: 16ms)
prisma:query SELECT COUNT(*) AS `_count$_all` FROM (SELECT `main`.`products`.`id` FROM `main`.`products` WHERE 1=1 LIMIT ? OFFSET ?) AS `sub`
prisma:query SELECT COUNT(*) AS `_count$_all` FROM (SELECT `main`.`product_keys`.`id` FROM `main`.`product_keys` WHERE 1=1 LIMIT ? OFFSET ?) AS `sub`
prisma:query SELECT COUNT(*) AS `_count$_all` FROM (SELECT `main`.`orders`.`id` FROM `main`.`orders` WHERE 1=1 LIMIT ? OFFSET ?) AS `sub`
prisma:query SELECT COUNT(*) AS `_count$_all` FROM (SELECT `main`.`users`.`id` FROM `main`.`users` WHERE 1=1 LIMIT ? OFFSET ?) AS `sub`
prisma:query SELECT COUNT(*) AS `_count$_all` FROM (SELECT `main`.`product_keys`.`id` FROM `main`.`product_keys` WHERE `main`.`product_keys`.`status` = ? LIMIT ? OFFSET ?) AS `sub`
prisma:query SELECT COUNT(*) AS `_count$_all` FROM (SELECT `main`.`product_keys`.`id` FROM `main`.`product_keys` WHERE `main`.`product_keys`.`status` = ? LIMIT ? OFFSET ?) AS `sub`
prisma:query SELECT SUM(`finalAmount`) AS `_sum$finalAmount` FROM (SELECT `main`.`orders`.`finalAmount` FROM `main`.`orders` WHERE `main`.`orders`.`status` = ? LIMIT ? OFFSET ?) AS `sub`
prisma:query SELECT `main`.`users`.`id`, `main`.`users`.`email`, `main`.`users`.`passwordHash`, `main`.`users`.`name`, `main`.`users`.`avatar`, `main`.`users`.`balance`, `main`.`users`.`role`, `main`.`users`.`createdAt`, `main`.`users`.`updatedAt` FROM `main`.`users` WHERE (`main`.`users`.`id` = ? AND 1=1) LIMIT ? OFFSET ?
 GET /admin 200 in 436ms (next.js: 291ms, application-code: 146ms)
 GET /api/auth/session 200 in 17ms (next.js: 7ms, application-code: 10ms)
 GET /api/auth/session 200 in 9ms (next.js: 1651µs, application-code: 7ms)
 GET /admin 200 in 6ms (next.js: 1914µs, application-code: 4ms)
prisma:query SELECT COUNT(*) AS `_count$_all` FROM (SELECT `main`.`products`.`id` FROM `main`.`products` WHERE 1=1 LIMIT ? OFFSET ?) AS `sub`
prisma:query SELECT COUNT(*) AS `_count$_all` FROM (SELECT `main`.`product_keys`.`id` FROM `main`.`product_keys` WHERE 1=1 LIMIT ? OFFSET ?) AS `sub`
prisma:query SELECT COUNT(*) AS `_count$_all` FROM (SELECT `main`.`orders`.`id` FROM `main`.`orders` WHERE 1=1 LIMIT ? OFFSET ?) AS `sub`
prisma:query SELECT COUNT(*) AS `_count$_all` FROM (SELECT `main`.`users`.`id` FROM `main`.`users` WHERE 1=1 LIMIT ? OFFSET ?) AS `sub`
prisma:query SELECT COUNT(*) AS `_count$_all` FROM (SELECT `main`.`product_keys`.`id` FROM `main`.`product_keys` WHERE `main`.`product_keys`.`status` = ? LIMIT ? OFFSET ?) AS `sub`
prisma:query SELECT COUNT(*) AS `_count$_all` FROM (SELECT `main`.`product_keys`.`id` FROM `main`.`product_keys` WHERE `main`.`product_keys`.`status` = ? LIMIT ? OFFSET ?) AS `sub`
prisma:query SELECT SUM(`finalAmount`) AS `_sum$finalAmount` FROM (SELECT `main`.`orders`.`finalAmount` FROM `main`.`orders` WHERE `main`.`orders`.`status` = ? LIMIT ? OFFSET ?) AS `sub`
 GET /admin 200 in 34ms (next.js: 1985µs, application-code: 32ms)
prisma:query SELECT `main`.`products`.`id`, `main`.`products`.`name`, `main`.`products`.`slug`, `main`.`products`.`description`, `main`.`products`.`shortDesc`, `main`.`products`.`price`, `main`.`products`.`salePrice`, `main`.`products`.`stock`, `main`.`products`.`sku`, `main`.`products`.`type`, `main`.`products`.`status`, `main`.`products`.`images`, `main`.`products`.`categoryId`, `main`.`products`.`createdAt`, `main`.`products`.`updatedAt` FROM `main`.`products` WHERE 1=1 ORDER BY `main`.`products`.`name` ASC LIMIT ? OFFSET ?
 GET /admin/keys 200 in 270ms (next.js: 246ms, application-code: 24ms)
prisma:query SELECT `main`.`products`.`id`, `main`.`products`.`name`, `main`.`products`.`slug`, `main`.`products`.`description`, `main`.`products`.`shortDesc`, `main`.`products`.`price`, `main`.`products`.`salePrice`, `main`.`products`.`stock`, `main`.`products`.`sku`, `main`.`products`.`type`, `main`.`products`.`status`, `main`.`products`.`images`, `main`.`products`.`categoryId`, `main`.`products`.`createdAt`, `main`.`products`.`updatedAt` FROM `main`.`products` WHERE 1=1 ORDER BY `main`.`products`.`name` ASC LIMIT ? OFFSET ?
 GET /admin/keys 200 in 21ms (next.js: 2ms, application-code: 18ms)
prisma:query SELECT `main`.`users`.`id`, `main`.`users`.`email`, `main`.`users`.`passwordHash`, `main`.`users`.`name`, `main`.`users`.`avatar`, `main`.`users`.`balance`, `main`.`users`.`role`, `main`.`users`.`createdAt`, `main`.`users`.`updatedAt` FROM `main`.`users` WHERE (`main`.`users`.`id` = ? AND 1=1) LIMIT ? OFFSET ?
prisma:query SELECT `main`.`orders`.`id`, `main`.`orders`.`orderNumber`, `main`.`orders`.`userId`, `main`.`orders`.`totalAmount`, `main`.`orders`.`discountAmount`, `main`.`orders`.`finalAmount`, `main`.`orders`.`status`, `main`.`orders`.`paymentMethod`, `main`.`orders`.`paymentStatus`, `main`.`orders`.`transactionCode`, `main`.`orders`.`customerEmail`, `main`.`orders`.`customerName`, `main`.`orders`.`customerPhone`, `main`.`orders`.`note`, `main`.`orders`.`createdAt`, `main`.`orders`.`updatedAt` FROM `main`.`orders` WHERE 1=1 ORDER BY `main`.`orders`.`createdAt` DESC LIMIT ? OFFSET ?
prisma:query SELECT `main`.`users`.`id`, `main`.`users`.`name`, `main`.`users`.`email` FROM `main`.`users` WHERE `main`.`users`.`id` IN (?,?,?,?,?) LIMIT ? OFFSET ?
prisma:query SELECT `main`.`order_items`.`id`, `main`.`order_items`.`orderId`, `main`.`order_items`.`productId`, `main`.`order_items`.`quantity`, `main`.`order_items`.`price`, `main`.`order_items`.`total` FROM `main`.`order_items` WHERE `main`.`order_items`.`orderId` IN (?,?,?,?,?) LIMIT ? OFFSET ?
prisma:query SELECT `main`.`products`.`id`, `main`.`products`.`name` FROM `main`.`products` WHERE `main`.`products`.`id` IN (?,?,?,?,?,?,?) LIMIT ? OFFSET ?
 GET /admin/orders 200 in 323ms (next.js: 283ms, application-code: 40ms)
prisma:query SELECT `main`.`users`.`id`, `main`.`users`.`email`, `main`.`users`.`passwordHash`, `main`.`users`.`name`, `main`.`users`.`avatar`, `main`.`users`.`balance`, `main`.`users`.`role`, `main`.`users`.`createdAt`, `main`.`users`.`updatedAt` FROM `main`.`users` WHERE (`main`.`users`.`id` = ? AND 1=1) LIMIT ? OFFSET ?
prisma:query SELECT `main`.`users`.`id`, `main`.`users`.`email`, `main`.`users`.`name`, `main`.`users`.`balance`, `main`.`users`.`role`, `main`.`users`.`createdAt`, COALESCE(`aggr_selection_0_Order`.`_aggr_count_orders`, 0) AS `_aggr_count_orders`, COALESCE(`aggr_selection_1_Download`.`_aggr_count_downloads`, 0) AS `_aggr_count_downloads` FROM `main`.`users` LEFT JOIN (SELECT `main`.`orders`.`userId`, COUNT(*) AS `_aggr_count_orders` FROM `main`.`orders` WHERE 1=1 GROUP BY `main`.`orders`.`userId`) AS `aggr_selection_0_Order` ON (`main`.`users`.`id` = `aggr_selection_0_Order`.`userId`) LEFT JOIN (SELECT `main`.`downloads`.`userId`, COUNT(*) AS `_aggr_count_downloads` FROM `main`.`downloads` WHERE 1=1 GROUP BY `main`.`downloads`.`userId`) AS `aggr_selection_1_Download` ON (`main`.`users`.`id` = `aggr_selection_1_Download`.`userId`) WHERE 1=1 ORDER BY `main`.`users`.`createdAt` DESC LIMIT ? OFFSET ?
 GET /admin/users 200 in 282ms (next.js: 239ms, application-code: 43ms)
prisma:query SELECT `main`.`products`.`id`, `main`.`products`.`name`, `main`.`products`.`slug`, `main`.`products`.`description`, `main`.`products`.`shortDesc`, `main`.`products`.`price`, `main`.`products`.`salePrice`, `main`.`products`.`stock`, `main`.`products`.`sku`, `main`.`products`.`type`, `main`.`products`.`status`, `main`.`products`.`images`, `main`.`products`.`categoryId`, `main`.`products`.`createdAt`, `main`.`products`.`updatedAt` FROM `main`.`products` WHERE 1=1 ORDER BY `main`.`products`.`name` ASC LIMIT ? OFFSET ?
 GET /admin/keys 200 in 21ms (next.js: 1859µs, application-code: 19ms)
prisma:query SELECT `main`.`products`.`id`, `main`.`products`.`name`, `main`.`products`.`slug`, `main`.`products`.`description`, `main`.`products`.`shortDesc`, `main`.`products`.`price`, `main`.`products`.`salePrice`, `main`.`products`.`stock`, `main`.`products`.`sku`, `main`.`products`.`type`, `main`.`products`.`status`, `main`.`products`.`images`, `main`.`products`.`categoryId`, `main`.`products`.`createdAt`, `main`.`products`.`updatedAt`, COALESCE(`aggr_selection_0_ProductKey`.`_aggr_count_productKeys`, 0) AS `_aggr_count_productKeys` FROM `main`.`products` LEFT JOIN (SELECT `main`.`product_keys`.`productId`, COUNT(*) AS `_aggr_count_productKeys` FROM `main`.`product_keys` WHERE 1=1 GROUP BY `main`.`product_keys`.`productId`) AS `aggr_selection_0_ProductKey` ON (`main`.`products`.`id` = `aggr_selection_0_ProductKey`.`productId`) WHERE 1=1 ORDER BY `main`.`products`.`createdAt` DESC LIMIT ? OFFSET ?
prisma:query SELECT `main`.`categories`.`id`, `main`.`categories`.`name`, `main`.`categories`.`slug`, `main`.`categories`.`description`, `main`.`categories`.`icon`, `main`.`categories`.`parentId`, `main`.`categories`.`createdAt` FROM `main`.`categories` WHERE `main`.`categories`.`id` IN (?,?,?,?,?) LIMIT ? OFFSET ?
prisma:query SELECT `main`.`categories`.`id`, `main`.`categories`.`name`, `main`.`categories`.`slug`, `main`.`categories`.`description`, `main`.`categories`.`icon`, `main`.`categories`.`parentId`, `main`.`categories`.`createdAt` FROM `main`.`categories` WHERE 1=1 ORDER BY `main`.`categories`.`name` ASC LIMIT ? OFFSET ?
 GET /admin/products 200 in 262ms (next.js: 229ms, application-code: 33ms)
▲ Next.js 16.2.6 (Turbopack)
- Local:         http://localhost:3000
- Network:       http://10.5.0.2:3000
- Environments: .env
✓ Ready in 289ms

prisma:query SELECT `main`.`products`.`id`, `main`.`products`.`name`, `main`.`products`.`slug`, `main`.`products`.`description`, `main`.`products`.`shortDesc`, `main`.`products`.`price`, `main`.`products`.`salePrice`, `main`.`products`.`stock`, `main`.`products`.`sku`, `main`.`products`.`type`, `main`.`products`.`status`, `main`.`products`.`images`, `main`.`products`.`categoryId`, `main`.`products`.`createdAt`, `main`.`products`.`updatedAt`, COALESCE(`aggr_selection_0_ProductKey`.`_aggr_count_productKeys`, 0) AS `_aggr_count_productKeys` FROM `main`.`products` LEFT JOIN (SELECT `main`.`product_keys`.`productId`, COUNT(*) AS `_aggr_count_productKeys` FROM `main`.`product_keys` WHERE 1=1 GROUP BY `main`.`product_keys`.`productId`) AS `aggr_selection_0_ProductKey` ON (`main`.`products`.`id` = `aggr_selection_0_ProductKey`.`productId`) WHERE 1=1 ORDER BY `main`.`products`.`createdAt` DESC LIMIT ? OFFSET ?
prisma:query SELECT `main`.`categories`.`id`, `main`.`categories`.`name`, `main`.`categories`.`slug`, `main`.`categories`.`description`, `main`.`categories`.`icon`, `main`.`categories`.`parentId`, `main`.`categories`.`createdAt` FROM `main`.`categories` WHERE `main`.`categories`.`id` IN (?,?,?,?,?) LIMIT ? OFFSET ?
prisma:query SELECT `main`.`categories`.`id`, `main`.`categories`.`name`, `main`.`categories`.`slug`, `main`.`categories`.`description`, `main`.`categories`.`icon`, `main`.`categories`.`parentId`, `main`.`categories`.`createdAt` FROM `main`.`categories` WHERE 1=1 ORDER BY `main`.`categories`.`name` ASC LIMIT ? OFFSET ?
prisma:query SELECT `main`.`users`.`id`, `main`.`users`.`email`, `main`.`users`.`passwordHash`, `main`.`users`.`name`, `main`.`users`.`avatar`, `main`.`users`.`balance`, `main`.`users`.`role`, `main`.`users`.`createdAt`, `main`.`users`.`updatedAt` FROM `main`.`users` WHERE (`main`.`users`.`id` = ? AND 1=1) LIMIT ? OFFSET ?
 GET /admin/products 200 in 721ms (next.js: 151ms, application-code: 570ms)
 GET /api/auth/session 200 in 658ms (next.js: 634ms, application-code: 25ms)
 GET /api/auth/session 200 in 15ms (next.js: 7ms, application-code: 7ms)
 GET /api/auth/session 200 in 17ms (next.js: 8ms, application-code: 9ms)
 GET /api/auth/session 200 in 8ms (next.js: 1687µs, application-code: 7ms)
prisma:query SELECT `main`.`products`.`id`, `main`.`products`.`name`, `main`.`products`.`slug`, `main`.`products`.`description`, `main`.`products`.`shortDesc`, `main`.`products`.`price`, `main`.`products`.`salePrice`, `main`.`products`.`stock`, `main`.`products`.`sku`, `main`.`products`.`type`, `main`.`products`.`status`, `main`.`products`.`images`, `main`.`products`.`categoryId`, `main`.`products`.`createdAt`, `main`.`products`.`updatedAt`, COALESCE(`aggr_selection_0_ProductKey`.`_aggr_count_productKeys`, 0) AS `_aggr_count_productKeys` FROM `main`.`products` LEFT JOIN (SELECT `main`.`product_keys`.`productId`, COUNT(*) AS `_aggr_count_productKeys` FROM `main`.`product_keys` WHERE 1=1 GROUP BY `main`.`product_keys`.`productId`) AS `aggr_selection_0_ProductKey` ON (`main`.`products`.`id` = `aggr_selection_0_ProductKey`.`productId`) WHERE 1=1 ORDER BY `main`.`products`.`createdAt` DESC LIMIT ? OFFSET ?
prisma:query SELECT `main`.`categories`.`id`, `main`.`categories`.`name`, `main`.`categories`.`slug`, `main`.`categories`.`description`, `main`.`categories`.`icon`, `main`.`categories`.`parentId`, `main`.`categories`.`createdAt` FROM `main`.`categories` WHERE `main`.`categories`.`id` IN (?,?,?,?,?) LIMIT ? OFFSET ?
prisma:query SELECT `main`.`categories`.`id`, `main`.`categories`.`name`, `main`.`categories`.`slug`, `main`.`categories`.`description`, `main`.`categories`.`icon`, `main`.`categories`.`parentId`, `main`.`categories`.`createdAt` FROM `main`.`categories` WHERE 1=1 ORDER BY `main`.`categories`.`name` ASC LIMIT ? OFFSET ?
prisma:query SELECT `main`.`users`.`id`, `main`.`users`.`email`, `main`.`users`.`passwordHash`, `main`.`users`.`name`, `main`.`users`.`avatar`, `main`.`users`.`balance`, `main`.`users`.`role`, `main`.`users`.`createdAt`, `main`.`users`.`updatedAt` FROM `main`.`users` WHERE (`main`.`users`.`id` = ? AND 1=1) LIMIT ? OFFSET ?
 GET /admin/products 200 in 98ms (next.js: 2ms, application-code: 95ms)
 GET /api/auth/session 200 in 16ms (next.js: 6ms, application-code: 9ms)
 GET /api/auth/session 200 in 8ms (next.js: 1581µs, application-code: 6ms)
prisma:query SELECT `main`.`products`.`id`, `main`.`products`.`name`, `main`.`products`.`slug`, `main`.`products`.`description`, `main`.`products`.`shortDesc`, `main`.`products`.`price`, `main`.`products`.`salePrice`, `main`.`products`.`stock`, `main`.`products`.`sku`, `main`.`products`.`type`, `main`.`products`.`status`, `main`.`products`.`images`, `main`.`products`.`categoryId`, `main`.`products`.`createdAt`, `main`.`products`.`updatedAt` FROM `main`.`products` WHERE `main`.`products`.`status` = ? ORDER BY `main`.`products`.`createdAt` DESC LIMIT ? OFFSET ?
 GET / 200 in 56ms (next.js: 20ms, application-code: 36ms)
prisma:query SELECT `main`.`products`.`id`, `main`.`products`.`name`, `main`.`products`.`slug`, `main`.`products`.`description`, `main`.`products`.`shortDesc`, `main`.`products`.`price`, `main`.`products`.`salePrice`, `main`.`products`.`stock`, `main`.`products`.`sku`, `main`.`products`.`type`, `main`.`products`.`status`, `main`.`products`.`images`, `main`.`products`.`categoryId`, `main`.`products`.`createdAt`, `main`.`products`.`updatedAt` FROM `main`.`products` WHERE `main`.`products`.`status` = ? ORDER BY `main`.`products`.`createdAt` DESC LIMIT ? OFFSET ?
 GET / 200 in 24ms (next.js: 2ms, application-code: 21ms)
 GET /deposit 200 in 33ms (next.js: 18ms, application-code: 15ms)
prisma:query SELECT `main`.`products`.`id`, `main`.`products`.`name`, `main`.`products`.`slug`, `main`.`products`.`description`, `main`.`products`.`shortDesc`, `main`.`products`.`price`, `main`.`products`.`salePrice`, `main`.`products`.`stock`, `main`.`products`.`sku`, `main`.`products`.`type`, `main`.`products`.`status`, `main`.`products`.`images`, `main`.`products`.`categoryId`, `main`.`products`.`createdAt`, `main`.`products`.`updatedAt` FROM `main`.`products` WHERE `main`.`products`.`status` = ? ORDER BY `main`.`products`.`createdAt` DESC LIMIT ? OFFSET ?
 GET / 200 in 22ms (next.js: 1882µs, application-code: 20ms)
prisma:query SELECT COUNT(*) AS `_count$_all` FROM (SELECT `main`.`products`.`id` FROM `main`.`products` WHERE 1=1 LIMIT ? OFFSET ?) AS `sub`
prisma:query SELECT COUNT(*) AS `_count$_all` FROM (SELECT `main`.`product_keys`.`id` FROM `main`.`product_keys` WHERE 1=1 LIMIT ? OFFSET ?) AS `sub`
prisma:query SELECT COUNT(*) AS `_count$_all` FROM (SELECT `main`.`orders`.`id` FROM `main`.`orders` WHERE 1=1 LIMIT ? OFFSET ?) AS `sub`
prisma:query SELECT COUNT(*) AS `_count$_all` FROM (SELECT `main`.`users`.`id` FROM `main`.`users` WHERE 1=1 LIMIT ? OFFSET ?) AS `sub`
prisma:query SELECT COUNT(*) AS `_count$_all` FROM (SELECT `main`.`product_keys`.`id` FROM `main`.`product_keys` WHERE `main`.`product_keys`.`status` = ? LIMIT ? OFFSET ?) AS `sub`
prisma:query SELECT COUNT(*) AS `_count$_all` FROM (SELECT `main`.`product_keys`.`id` FROM `main`.`product_keys` WHERE `main`.`product_keys`.`status` = ? LIMIT ? OFFSET ?) AS `sub`
prisma:query SELECT SUM(`finalAmount`) AS `_sum$finalAmount` FROM (SELECT `main`.`orders`.`finalAmount` FROM `main`.`orders` WHERE `main`.`orders`.`status` = ? LIMIT ? OFFSET ?) AS `sub`
prisma:query SELECT `main`.`users`.`id`, `main`.`users`.`email`, `main`.`users`.`passwordHash`, `main`.`users`.`name`, `main`.`users`.`avatar`, `main`.`users`.`balance`, `main`.`users`.`role`, `main`.`users`.`createdAt`, `main`.`users`.`updatedAt` FROM `main`.`users` WHERE (`main`.`users`.`id` = ? AND 1=1) LIMIT ? OFFSET ?
 GET /admin 200 in 123ms (next.js: 19ms, application-code: 105ms)
 GET /api/auth/session 200 in 15ms (next.js: 7ms, application-code: 8ms)
 GET /api/auth/session 200 in 7ms (next.js: 1396µs, application-code: 5ms)
 GET /admin 200 in 6ms (next.js: 2ms, application-code: 4ms)
prisma:query SELECT COUNT(*) AS `_count$_all` FROM (SELECT `main`.`products`.`id` FROM `main`.`products` WHERE 1=1 LIMIT ? OFFSET ?) AS `sub`
prisma:query SELECT COUNT(*) AS `_count$_all` FROM (SELECT `main`.`product_keys`.`id` FROM `main`.`product_keys` WHERE 1=1 LIMIT ? OFFSET ?) AS `sub`
prisma:query SELECT COUNT(*) AS `_count$_all` FROM (SELECT `main`.`orders`.`id` FROM `main`.`orders` WHERE 1=1 LIMIT ? OFFSET ?) AS `sub`
prisma:query SELECT COUNT(*) AS `_count$_all` FROM (SELECT `main`.`users`.`id` FROM `main`.`users` WHERE 1=1 LIMIT ? OFFSET ?) AS `sub`
prisma:query SELECT COUNT(*) AS `_count$_all` FROM (SELECT `main`.`product_keys`.`id` FROM `main`.`product_keys` WHERE `main`.`product_keys`.`status` = ? LIMIT ? OFFSET ?) AS `sub`
prisma:query SELECT COUNT(*) AS `_count$_all` FROM (SELECT `main`.`product_keys`.`id` FROM `main`.`product_keys` WHERE `main`.`product_keys`.`status` = ? LIMIT ? OFFSET ?) AS `sub`
prisma:query SELECT SUM(`finalAmount`) AS `_sum$finalAmount` FROM (SELECT `main`.`orders`.`finalAmount` FROM `main`.`orders` WHERE `main`.`orders`.`status` = ? LIMIT ? OFFSET ?) AS `sub`
 GET /admin 200 in 34ms (next.js: 3ms, application-code: 31ms)
✓ Compiled in 123ms
prisma:query SELECT COUNT(*) AS `_count$_all` FROM (SELECT `main`.`products`.`id` FROM `main`.`products` WHERE 1=1 LIMIT ? OFFSET ?) AS `sub`
prisma:query SELECT COUNT(*) AS `_count$_all` FROM (SELECT `main`.`product_keys`.`id` FROM `main`.`product_keys` WHERE 1=1 LIMIT ? OFFSET ?) AS `sub`
prisma:query SELECT COUNT(*) AS `_count$_all` FROM (SELECT `main`.`orders`.`id` FROM `main`.`orders` WHERE 1=1 LIMIT ? OFFSET ?) AS `sub`
prisma:query SELECT COUNT(*) AS `_count$_all` FROM (SELECT `main`.`users`.`id` FROM `main`.`users` WHERE 1=1 LIMIT ? OFFSET ?) AS `sub`
prisma:query SELECT COUNT(*) AS `_count$_all` FROM (SELECT `main`.`orders`.`id` FROM `main`.`orders` WHERE `main`.`orders`.`status` = ? LIMIT ? OFFSET ?) AS `sub`
prisma:query SELECT COUNT(*) AS `_count$_all` FROM (SELECT `main`.`orders`.`id` FROM `main`.`orders` WHERE `main`.`orders`.`status` = ? LIMIT ? OFFSET ?) AS `sub`
prisma:query SELECT COUNT(*) AS `_count$_all` FROM (SELECT `main`.`product_keys`.`id` FROM `main`.`product_keys` WHERE `main`.`product_keys`.`status` = ? LIMIT ? OFFSET ?) AS `sub`
prisma:query SELECT COUNT(*) AS `_count$_all` FROM (SELECT `main`.`product_keys`.`id` FROM `main`.`product_keys` WHERE `main`.`product_keys`.`status` = ? LIMIT ? OFFSET ?) AS `sub`
prisma:query SELECT SUM(`finalAmount`) AS `_sum$finalAmount` FROM (SELECT `main`.`orders`.`finalAmount` FROM `main`.`orders` WHERE `main`.`orders`.`status` = ? LIMIT ? OFFSET ?) AS `sub`
prisma:query SELECT `main`.`products`.`id`, `main`.`products`.`name`, `main`.`products`.`slug`, `main`.`products`.`description`, `main`.`products`.`shortDesc`, `main`.`products`.`price`, `main`.`products`.`salePrice`, `main`.`products`.`stock`, `main`.`products`.`sku`, `main`.`products`.`type`, `main`.`products`.`status`, `main`.`products`.`images`, `main`.`products`.`categoryId`, `main`.`products`.`createdAt`, `main`.`products`.`updatedAt` FROM `main`.`products` WHERE 1=1 LIMIT ? OFFSET ?
prisma:query SELECT `main`.`order_items`.`id`, `main`.`order_items`.`quantity`, `main`.`order_items`.`total`, `main`.`order_items`.`productId` FROM `main`.`order_items` LEFT JOIN `main`.`orders` AS `j0` ON (`j0`.`id`) = (`main`.`order_items`.`orderId`) WHERE ((`j0`.`status` = ? AND (`j0`.`id` IS NOT NULL)) AND `main`.`order_items`.`productId` IN (?,?,?,?,?)) LIMIT ? OFFSET ?
prisma:query SELECT `main`.`categories`.`id`, `main`.`categories`.`name`, `main`.`categories`.`slug`, `main`.`categories`.`description`, `main`.`categories`.`icon`, `main`.`categories`.`parentId`, `main`.`categories`.`createdAt` FROM `main`.`categories` WHERE 1=1 LIMIT ? OFFSET ?
prisma:query SELECT `main`.`products`.`id`, `main`.`products`.`name`, `main`.`products`.`slug`, `main`.`products`.`description`, `main`.`products`.`shortDesc`, `main`.`products`.`price`, `main`.`products`.`salePrice`, `main`.`products`.`stock`, `main`.`products`.`sku`, `main`.`products`.`type`, `main`.`products`.`status`, `main`.`products`.`images`, `main`.`products`.`categoryId`, `main`.`products`.`createdAt`, `main`.`products`.`updatedAt` FROM `main`.`products` WHERE `main`.`products`.`categoryId` IN (?,?,?,?,?) LIMIT ? OFFSET ?
prisma:query SELECT `main`.`order_items`.`id`, `main`.`order_items`.`total`, `main`.`order_items`.`productId` FROM `main`.`order_items` LEFT JOIN `main`.`orders` AS `j0` ON (`j0`.`id`) = (`main`.`order_items`.`orderId`) WHERE ((`j0`.`status` = ? AND (`j0`.`id` IS NOT NULL)) AND `main`.`order_items`.`productId` IN (?,?,?,?,?)) LIMIT ? OFFSET ?
prisma:query SELECT `main`.`orders`.`id`, `main`.`orders`.`orderNumber`, `main`.`orders`.`userId`, `main`.`orders`.`totalAmount`, `main`.`orders`.`discountAmount`, `main`.`orders`.`finalAmount`, `main`.`orders`.`status`, `main`.`orders`.`paymentMethod`, `main`.`orders`.`paymentStatus`, `main`.`orders`.`transactionCode`, `main`.`orders`.`customerEmail`, `main`.`orders`.`customerName`, `main`.`orders`.`customerPhone`, `main`.`orders`.`note`, `main`.`orders`.`createdAt`, `main`.`orders`.`updatedAt` FROM `main`.`orders` WHERE 1=1 ORDER BY `main`.`orders`.`createdAt` DESC LIMIT ? OFFSET ?
prisma:query SELECT `main`.`users`.`id`, `main`.`users`.`name`, `main`.`users`.`email` FROM `main`.`users` WHERE `main`.`users`.`id` IN (?,?,?,?,?) LIMIT ? OFFSET ?
prisma:query SELECT `main`.`order_items`.`id`, `main`.`order_items`.`orderId`, `main`.`order_items`.`productId`, `main`.`order_items`.`quantity`, `main`.`order_items`.`price`, `main`.`order_items`.`total` FROM `main`.`order_items` WHERE `main`.`order_items`.`orderId` IN (?,?,?,?,?) LIMIT ? OFFSET ?
prisma:query SELECT `main`.`products`.`id`, `main`.`products`.`name` FROM `main`.`products` WHERE `main`.`products`.`id` IN (?,?,?,?,?,?,?) LIMIT ? OFFSET ?
prisma:query SELECT COUNT(*) AS `_count$_all` FROM (SELECT `main`.`products`.`id` FROM `main`.`products` WHERE 1=1 LIMIT ? OFFSET ?) AS `sub`
prisma:query SELECT COUNT(*) AS `_count$_all` FROM (SELECT `main`.`product_keys`.`id` FROM `main`.`product_keys` WHERE 1=1 LIMIT ? OFFSET ?) AS `sub`
prisma:query SELECT COUNT(*) AS `_count$_all` FROM (SELECT `main`.`orders`.`id` FROM `main`.`orders` WHERE 1=1 LIMIT ? OFFSET ?) AS `sub`
prisma:query SELECT COUNT(*) AS `_count$_all` FROM (SELECT `main`.`users`.`id` FROM `main`.`users` WHERE 1=1 LIMIT ? OFFSET ?) AS `sub`
prisma:query SELECT COUNT(*) AS `_count$_all` FROM (SELECT `main`.`orders`.`id` FROM `main`.`orders` WHERE `main`.`orders`.`status` = ? LIMIT ? OFFSET ?) AS `sub`
prisma:query SELECT COUNT(*) AS `_count$_all` FROM (SELECT `main`.`orders`.`id` FROM `main`.`orders` WHERE `main`.`orders`.`status` = ? LIMIT ? OFFSET ?) AS `sub`
prisma:query SELECT COUNT(*) AS `_count$_all` FROM (SELECT `main`.`product_keys`.`id` FROM `main`.`product_keys` WHERE `main`.`product_keys`.`status` = ? LIMIT ? OFFSET ?) AS `sub`
prisma:query SELECT COUNT(*) AS `_count$_all` FROM (SELECT `main`.`product_keys`.`id` FROM `main`.`product_keys` WHERE `main`.`product_keys`.`status` = ? LIMIT ? OFFSET ?) AS `sub`
prisma:query SELECT SUM(`finalAmount`) AS `_sum$finalAmount` FROM (SELECT `main`.`orders`.`finalAmount` FROM `main`.`orders` WHERE `main`.`orders`.`status` = ? LIMIT ? OFFSET ?) AS `sub`
prisma:query SELECT `main`.`products`.`id`, `main`.`products`.`name`, `main`.`products`.`slug`, `main`.`products`.`description`, `main`.`products`.`shortDesc`, `main`.`products`.`price`, `main`.`products`.`salePrice`, `main`.`products`.`stock`, `main`.`products`.`sku`, `main`.`products`.`type`, `main`.`products`.`status`, `main`.`products`.`images`, `main`.`products`.`categoryId`, `main`.`products`.`createdAt`, `main`.`products`.`updatedAt` FROM `main`.`products` WHERE 1=1 LIMIT ? OFFSET ?
prisma:query SELECT `main`.`order_items`.`id`, `main`.`order_items`.`quantity`, `main`.`order_items`.`total`, `main`.`order_items`.`productId` FROM `main`.`order_items` LEFT JOIN `main`.`orders` AS `j0` ON (`j0`.`id`) = (`main`.`order_items`.`orderId`) WHERE ((`j0`.`status` = ? AND (`j0`.`id` IS NOT NULL)) AND `main`.`order_items`.`productId` IN (?,?,?,?,?)) LIMIT ? OFFSET ?
prisma:query SELECT `main`.`categories`.`id`, `main`.`categories`.`name`, `main`.`categories`.`slug`, `main`.`categories`.`description`, `main`.`categories`.`icon`, `main`.`categories`.`parentId`, `main`.`categories`.`createdAt` FROM `main`.`categories` WHERE 1=1 LIMIT ? OFFSET ?
prisma:query SELECT `main`.`products`.`id`, `main`.`products`.`name`, `main`.`products`.`slug`, `main`.`products`.`description`, `main`.`products`.`shortDesc`, `main`.`products`.`price`, `main`.`products`.`salePrice`, `main`.`products`.`stock`, `main`.`products`.`sku`, `main`.`products`.`type`, `main`.`products`.`status`, `main`.`products`.`images`, `main`.`products`.`categoryId`, `main`.`products`.`createdAt`, `main`.`products`.`updatedAt` FROM `main`.`products` WHERE `main`.`products`.`categoryId` IN (?,?,?,?,?) LIMIT ? OFFSET ?
prisma:query SELECT `main`.`order_items`.`id`, `main`.`order_items`.`total`, `main`.`order_items`.`productId` FROM `main`.`order_items` LEFT JOIN `main`.`orders` AS `j0` ON (`j0`.`id`) = (`main`.`order_items`.`orderId`) WHERE ((`j0`.`status` = ? AND (`j0`.`id` IS NOT NULL)) AND `main`.`order_items`.`productId` IN (?,?,?,?,?)) LIMIT ? OFFSET ?
prisma:query SELECT `main`.`orders`.`id`, `main`.`orders`.`orderNumber`, `main`.`orders`.`userId`, `main`.`orders`.`totalAmount`, `main`.`orders`.`discountAmount`, `main`.`orders`.`finalAmount`, `main`.`orders`.`status`, `main`.`orders`.`paymentMethod`, `main`.`orders`.`paymentStatus`, `main`.`orders`.`transactionCode`, `main`.`orders`.`customerEmail`, `main`.`orders`.`customerName`, `main`.`orders`.`customerPhone`, `main`.`orders`.`note`, `main`.`orders`.`createdAt`, `main`.`orders`.`updatedAt` FROM `main`.`orders` WHERE 1=1 ORDER BY `main`.`orders`.`createdAt` DESC LIMIT ? OFFSET ?
prisma:query SELECT `main`.`users`.`id`, `main`.`users`.`name`, `main`.`users`.`email` FROM `main`.`users` WHERE `main`.`users`.`id` IN (?,?,?,?,?) LIMIT ? OFFSET ?
prisma:query SELECT `main`.`order_items`.`id`, `main`.`order_items`.`orderId`, `main`.`order_items`.`productId`, `main`.`order_items`.`quantity`, `main`.`order_items`.`price`, `main`.`order_items`.`total` FROM `main`.`order_items` WHERE `main`.`order_items`.`orderId` IN (?,?,?,?,?) LIMIT ? OFFSET ?
prisma:query SELECT `main`.`products`.`id`, `main`.`products`.`name` FROM `main`.`products` WHERE `main`.`products`.`id` IN (?,?,?,?,?,?,?) LIMIT ? OFFSET ?
prisma:query SELECT COUNT(*) AS `_count$_all` FROM (SELECT `main`.`products`.`id` FROM `main`.`products` WHERE 1=1 LIMIT ? OFFSET ?) AS `sub`
prisma:query SELECT COUNT(*) AS `_count$_all` FROM (SELECT `main`.`product_keys`.`id` FROM `main`.`product_keys` WHERE 1=1 LIMIT ? OFFSET ?) AS `sub`
prisma:query SELECT COUNT(*) AS `_count$_all` FROM (SELECT `main`.`orders`.`id` FROM `main`.`orders` WHERE 1=1 LIMIT ? OFFSET ?) AS `sub`
prisma:query SELECT COUNT(*) AS `_count$_all` FROM (SELECT `main`.`users`.`id` FROM `main`.`users` WHERE 1=1 LIMIT ? OFFSET ?) AS `sub`
prisma:query SELECT COUNT(*) AS `_count$_all` FROM (SELECT `main`.`orders`.`id` FROM `main`.`orders` WHERE `main`.`orders`.`status` = ? LIMIT ? OFFSET ?) AS `sub`
prisma:query SELECT COUNT(*) AS `_count$_all` FROM (SELECT `main`.`orders`.`id` FROM `main`.`orders` WHERE `main`.`orders`.`status` = ? LIMIT ? OFFSET ?) AS `sub`
prisma:query SELECT COUNT(*) AS `_count$_all` FROM (SELECT `main`.`product_keys`.`id` FROM `main`.`product_keys` WHERE `main`.`product_keys`.`status` = ? LIMIT ? OFFSET ?) AS `sub`
prisma:query SELECT COUNT(*) AS `_count$_all` FROM (SELECT `main`.`product_keys`.`id` FROM `main`.`product_keys` WHERE `main`.`product_keys`.`status` = ? LIMIT ? OFFSET ?) AS `sub`
prisma:query SELECT SUM(`finalAmount`) AS `_sum$finalAmount` FROM (SELECT `main`.`orders`.`finalAmount` FROM `main`.`orders` WHERE `main`.`orders`.`status` = ? LIMIT ? OFFSET ?) AS `sub`
prisma:query SELECT `main`.`products`.`id`, `main`.`products`.`name`, `main`.`products`.`slug`, `main`.`products`.`description`, `main`.`products`.`shortDesc`, `main`.`products`.`price`, `main`.`products`.`salePrice`, `main`.`products`.`stock`, `main`.`products`.`sku`, `main`.`products`.`type`, `main`.`products`.`status`, `main`.`products`.`images`, `main`.`products`.`categoryId`, `main`.`products`.`createdAt`, `main`.`products`.`updatedAt` FROM `main`.`products` WHERE 1=1 LIMIT ? OFFSET ?
prisma:query SELECT `main`.`order_items`.`id`, `main`.`order_items`.`quantity`, `main`.`order_items`.`total`, `main`.`order_items`.`productId` FROM `main`.`order_items` LEFT JOIN `main`.`orders` AS `j0` ON (`j0`.`id`) = (`main`.`order_items`.`orderId`) WHERE ((`j0`.`status` = ? AND (`j0`.`id` IS NOT NULL)) AND `main`.`order_items`.`productId` IN (?,?,?,?,?)) LIMIT ? OFFSET ?
prisma:query SELECT `main`.`categories`.`id`, `main`.`categories`.`name`, `main`.`categories`.`slug`, `main`.`categories`.`description`, `main`.`categories`.`icon`, `main`.`categories`.`parentId`, `main`.`categories`.`createdAt` FROM `main`.`categories` WHERE 1=1 LIMIT ? OFFSET ?
prisma:query SELECT `main`.`products`.`id`, `main`.`products`.`name`, `main`.`products`.`slug`, `main`.`products`.`description`, `main`.`products`.`shortDesc`, `main`.`products`.`price`, `main`.`products`.`salePrice`, `main`.`products`.`stock`, `main`.`products`.`sku`, `main`.`products`.`type`, `main`.`products`.`status`, `main`.`products`.`images`, `main`.`products`.`categoryId`, `main`.`products`.`createdAt`, `main`.`products`.`updatedAt` FROM `main`.`products` WHERE `main`.`products`.`categoryId` IN (?,?,?,?,?) LIMIT ? OFFSET ?
prisma:query SELECT `main`.`order_items`.`id`, `main`.`order_items`.`total`, `main`.`order_items`.`productId` FROM `main`.`order_items` LEFT JOIN `main`.`orders` AS `j0` ON (`j0`.`id`) = (`main`.`order_items`.`orderId`) WHERE ((`j0`.`status` = ? AND (`j0`.`id` IS NOT NULL)) AND `main`.`order_items`.`productId` IN (?,?,?,?,?)) LIMIT ? OFFSET ?
prisma:query SELECT `main`.`orders`.`id`, `main`.`orders`.`orderNumber`, `main`.`orders`.`userId`, `main`.`orders`.`totalAmount`, `main`.`orders`.`discountAmount`, `main`.`orders`.`finalAmount`, `main`.`orders`.`status`, `main`.`orders`.`paymentMethod`, `main`.`orders`.`paymentStatus`, `main`.`orders`.`transactionCode`, `main`.`orders`.`customerEmail`, `main`.`orders`.`customerName`, `main`.`orders`.`customerPhone`, `main`.`orders`.`note`, `main`.`orders`.`createdAt`, `main`.`orders`.`updatedAt` FROM `main`.`orders` WHERE 1=1 ORDER BY `main`.`orders`.`createdAt` DESC LIMIT ? OFFSET ?
prisma:query SELECT `main`.`users`.`id`, `main`.`users`.`name`, `main`.`users`.`email` FROM `main`.`users` WHERE `main`.`users`.`id` IN (?,?,?,?,?) LIMIT ? OFFSET ?
prisma:query SELECT `main`.`order_items`.`id`, `main`.`order_items`.`orderId`, `main`.`order_items`.`productId`, `main`.`order_items`.`quantity`, `main`.`order_items`.`price`, `main`.`order_items`.`total` FROM `main`.`order_items` WHERE `main`.`order_items`.`orderId` IN (?,?,?,?,?) LIMIT ? OFFSET ?
prisma:query SELECT `main`.`products`.`id`, `main`.`products`.`name` FROM `main`.`products` WHERE `main`.`products`.`id` IN (?,?,?,?,?,?,?) LIMIT ? OFFSET ?
prisma:query SELECT COUNT(*) AS `_count$_all` FROM (SELECT `main`.`products`.`id` FROM `main`.`products` WHERE 1=1 LIMIT ? OFFSET ?) AS `sub`
prisma:query SELECT COUNT(*) AS `_count$_all` FROM (SELECT `main`.`product_keys`.`id` FROM `main`.`product_keys` WHERE 1=1 LIMIT ? OFFSET ?) AS `sub`
prisma:query SELECT COUNT(*) AS `_count$_all` FROM (SELECT `main`.`orders`.`id` FROM `main`.`orders` WHERE 1=1 LIMIT ? OFFSET ?) AS `sub`
prisma:query SELECT COUNT(*) AS `_count$_all` FROM (SELECT `main`.`users`.`id` FROM `main`.`users` WHERE 1=1 LIMIT ? OFFSET ?) AS `sub`
prisma:query SELECT COUNT(*) AS `_count$_all` FROM (SELECT `main`.`orders`.`id` FROM `main`.`orders` WHERE `main`.`orders`.`status` = ? LIMIT ? OFFSET ?) AS `sub`
prisma:query SELECT COUNT(*) AS `_count$_all` FROM (SELECT `main`.`orders`.`id` FROM `main`.`orders` WHERE `main`.`orders`.`status` = ? LIMIT ? OFFSET ?) AS `sub`
prisma:query SELECT COUNT(*) AS `_count$_all` FROM (SELECT `main`.`product_keys`.`id` FROM `main`.`product_keys` WHERE `main`.`product_keys`.`status` = ? LIMIT ? OFFSET ?) AS `sub`
prisma:query SELECT COUNT(*) AS `_count$_all` FROM (SELECT `main`.`product_keys`.`id` FROM `main`.`product_keys` WHERE `main`.`product_keys`.`status` = ? LIMIT ? OFFSET ?) AS `sub`
prisma:query SELECT SUM(`finalAmount`) AS `_sum$finalAmount` FROM (SELECT `main`.`orders`.`finalAmount` FROM `main`.`orders` WHERE `main`.`orders`.`status` = ? LIMIT ? OFFSET ?) AS `sub`
prisma:query SELECT `main`.`products`.`id`, `main`.`products`.`name`, `main`.`products`.`slug`, `main`.`products`.`description`, `main`.`products`.`shortDesc`, `main`.`products`.`price`, `main`.`products`.`salePrice`, `main`.`products`.`stock`, `main`.`products`.`sku`, `main`.`products`.`type`, `main`.`products`.`status`, `main`.`products`.`images`, `main`.`products`.`categoryId`, `main`.`products`.`createdAt`, `main`.`products`.`updatedAt` FROM `main`.`products` WHERE 1=1 LIMIT ? OFFSET ?
prisma:query SELECT `main`.`order_items`.`id`, `main`.`order_items`.`quantity`, `main`.`order_items`.`total`, `main`.`order_items`.`productId` FROM `main`.`order_items` LEFT JOIN `main`.`orders` AS `j0` ON (`j0`.`id`) = (`main`.`order_items`.`orderId`) WHERE ((`j0`.`status` = ? AND (`j0`.`id` IS NOT NULL)) AND `main`.`order_items`.`productId` IN (?,?,?,?,?)) LIMIT ? OFFSET ?
prisma:query SELECT `main`.`categories`.`id`, `main`.`categories`.`name`, `main`.`categories`.`slug`, `main`.`categories`.`description`, `main`.`categories`.`icon`, `main`.`categories`.`parentId`, `main`.`categories`.`createdAt` FROM `main`.`categories` WHERE 1=1 LIMIT ? OFFSET ?
prisma:query SELECT `main`.`products`.`id`, `main`.`products`.`name`, `main`.`products`.`slug`, `main`.`products`.`description`, `main`.`products`.`shortDesc`, `main`.`products`.`price`, `main`.`products`.`salePrice`, `main`.`products`.`stock`, `main`.`products`.`sku`, `main`.`products`.`type`, `main`.`products`.`status`, `main`.`products`.`images`, `main`.`products`.`categoryId`, `main`.`products`.`createdAt`, `main`.`products`.`updatedAt` FROM `main`.`products` WHERE `main`.`products`.`categoryId` IN (?,?,?,?,?) LIMIT ? OFFSET ?
prisma:query SELECT `main`.`order_items`.`id`, `main`.`order_items`.`total`, `main`.`order_items`.`productId` FROM `main`.`order_items` LEFT JOIN `main`.`orders` AS `j0` ON (`j0`.`id`) = (`main`.`order_items`.`orderId`) WHERE ((`j0`.`status` = ? AND (`j0`.`id` IS NOT NULL)) AND `main`.`order_items`.`productId` IN (?,?,?,?,?)) LIMIT ? OFFSET ?
prisma:query SELECT `main`.`orders`.`id`, `main`.`orders`.`orderNumber`, `main`.`orders`.`userId`, `main`.`orders`.`totalAmount`, `main`.`orders`.`discountAmount`, `main`.`orders`.`finalAmount`, `main`.`orders`.`status`, `main`.`orders`.`paymentMethod`, `main`.`orders`.`paymentStatus`, `main`.`orders`.`transactionCode`, `main`.`orders`.`customerEmail`, `main`.`orders`.`customerName`, `main`.`orders`.`customerPhone`, `main`.`orders`.`note`, `main`.`orders`.`createdAt`, `main`.`orders`.`updatedAt` FROM `main`.`orders` WHERE 1=1 ORDER BY `main`.`orders`.`createdAt` DESC LIMIT ? OFFSET ?
prisma:query SELECT `main`.`users`.`id`, `main`.`users`.`name`, `main`.`users`.`email` FROM `main`.`users` WHERE `main`.`users`.`id` IN (?,?,?,?,?) LIMIT ? OFFSET ?
prisma:query SELECT `main`.`order_items`.`id`, `main`.`order_items`.`orderId`, `main`.`order_items`.`productId`, `main`.`order_items`.`quantity`, `main`.`order_items`.`price`, `main`.`order_items`.`total` FROM `main`.`order_items` WHERE `main`.`order_items`.`orderId` IN (?,?,?,?,?) LIMIT ? OFFSET ?
prisma:query SELECT `main`.`products`.`id`, `main`.`products`.`name` FROM `main`.`products` WHERE `main`.`products`.`id` IN (?,?,?,?,?,?,?) LIMIT ? OFFSET ?
prisma:query SELECT `main`.`users`.`id`, `main`.`users`.`email`, `main`.`users`.`passwordHash`, `main`.`users`.`name`, `main`.`users`.`avatar`, `main`.`users`.`balance`, `main`.`users`.`role`, `main`.`users`.`createdAt`, `main`.`users`.`updatedAt` FROM `main`.`users` WHERE (`main`.`users`.`id` = ? AND 1=1) LIMIT ? OFFSET ?
prisma:query SELECT `main`.`users`.`id`, `main`.`users`.`email`, `main`.`users`.`passwordHash`, `main`.`users`.`name`, `main`.`users`.`avatar`, `main`.`users`.`balance`, `main`.`users`.`role`, `main`.`users`.`createdAt`, `main`.`users`.`updatedAt` FROM `main`.`users` WHERE (`main`.`users`.`id` = ? AND 1=1) LIMIT ? OFFSET ?
prisma:query SELECT `main`.`users`.`id`, `main`.`users`.`email`, `main`.`users`.`passwordHash`, `main`.`users`.`name`, `main`.`users`.`avatar`, `main`.`users`.`balance`, `main`.`users`.`role`, `main`.`users`.`createdAt`, `main`.`users`.`updatedAt` FROM `main`.`users` WHERE (`main`.`users`.`id` = ? AND 1=1) LIMIT ? OFFSET ?
prisma:query SELECT `main`.`users`.`id`, `main`.`users`.`email`, `main`.`users`.`passwordHash`, `main`.`users`.`name`, `main`.`users`.`avatar`, `main`.`users`.`balance`, `main`.`users`.`role`, `main`.`users`.`createdAt`, `main`.`users`.`updatedAt` FROM `main`.`users` WHERE (`main`.`users`.`id` = ? AND 1=1) LIMIT ? OFFSET ?
 GET /admin 200 in 542ms (next.js: 83ms, application-code: 459ms)
 GET /admin 200 in 308ms (next.js: 3ms, application-code: 305ms)
 GET /admin 200 in 218ms (next.js: 3ms, application-code: 215ms)
 GET /admin 200 in 219ms (next.js: 79ms, application-code: 140ms)
 GET /api/auth/session 200 in 86ms (next.js: 62ms, application-code: 24ms)
 GET /api/auth/session 200 in 10ms (next.js: 1688µs, application-code: 8ms)
prisma:query SELECT COUNT(*) AS `_count$_all` FROM (SELECT `main`.`products`.`id` FROM `main`.`products` WHERE 1=1 LIMIT ? OFFSET ?) AS `sub`
prisma:query SELECT COUNT(*) AS `_count$_all` FROM (SELECT `main`.`product_keys`.`id` FROM `main`.`product_keys` WHERE 1=1 LIMIT ? OFFSET ?) AS `sub`
prisma:query SELECT COUNT(*) AS `_count$_all` FROM (SELECT `main`.`orders`.`id` FROM `main`.`orders` WHERE 1=1 LIMIT ? OFFSET ?) AS `sub`
prisma:query SELECT COUNT(*) AS `_count$_all` FROM (SELECT `main`.`users`.`id` FROM `main`.`users` WHERE 1=1 LIMIT ? OFFSET ?) AS `sub`
prisma:query SELECT COUNT(*) AS `_count$_all` FROM (SELECT `main`.`orders`.`id` FROM `main`.`orders` WHERE `main`.`orders`.`status` = ? LIMIT ? OFFSET ?) AS `sub`
prisma:query SELECT COUNT(*) AS `_count$_all` FROM (SELECT `main`.`orders`.`id` FROM `main`.`orders` WHERE `main`.`orders`.`status` = ? LIMIT ? OFFSET ?) AS `sub`
prisma:query SELECT COUNT(*) AS `_count$_all` FROM (SELECT `main`.`product_keys`.`id` FROM `main`.`product_keys` WHERE `main`.`product_keys`.`status` = ? LIMIT ? OFFSET ?) AS `sub`
prisma:query SELECT COUNT(*) AS `_count$_all` FROM (SELECT `main`.`product_keys`.`id` FROM `main`.`product_keys` WHERE `main`.`product_keys`.`status` = ? LIMIT ? OFFSET ?) AS `sub`
prisma:query SELECT SUM(`finalAmount`) AS `_sum$finalAmount` FROM (SELECT `main`.`orders`.`finalAmount` FROM `main`.`orders` WHERE `main`.`orders`.`status` = ? LIMIT ? OFFSET ?) AS `sub`
prisma:query SELECT `main`.`products`.`id`, `main`.`products`.`name`, `main`.`products`.`slug`, `main`.`products`.`description`, `main`.`products`.`shortDesc`, `main`.`products`.`price`, `main`.`products`.`salePrice`, `main`.`products`.`stock`, `main`.`products`.`sku`, `main`.`products`.`type`, `main`.`products`.`status`, `main`.`products`.`images`, `main`.`products`.`categoryId`, `main`.`products`.`createdAt`, `main`.`products`.`updatedAt` FROM `main`.`products` WHERE 1=1 LIMIT ? OFFSET ?
prisma:query SELECT `main`.`order_items`.`id`, `main`.`order_items`.`quantity`, `main`.`order_items`.`total`, `main`.`order_items`.`productId` FROM `main`.`order_items` LEFT JOIN `main`.`orders` AS `j0` ON (`j0`.`id`) = (`main`.`order_items`.`orderId`) WHERE ((`j0`.`status` = ? AND (`j0`.`id` IS NOT NULL)) AND `main`.`order_items`.`productId` IN (?,?,?,?,?)) LIMIT ? OFFSET ?
prisma:query SELECT `main`.`categories`.`id`, `main`.`categories`.`name`, `main`.`categories`.`slug`, `main`.`categories`.`description`, `main`.`categories`.`icon`, `main`.`categories`.`parentId`, `main`.`categories`.`createdAt` FROM `main`.`categories` WHERE 1=1 LIMIT ? OFFSET ?
prisma:query SELECT `main`.`products`.`id`, `main`.`products`.`name`, `main`.`products`.`slug`, `main`.`products`.`description`, `main`.`products`.`shortDesc`, `main`.`products`.`price`, `main`.`products`.`salePrice`, `main`.`products`.`stock`, `main`.`products`.`sku`, `main`.`products`.`type`, `main`.`products`.`status`, `main`.`products`.`images`, `main`.`products`.`categoryId`, `main`.`products`.`createdAt`, `main`.`products`.`updatedAt` FROM `main`.`products` WHERE `main`.`products`.`categoryId` IN (?,?,?,?,?) LIMIT ? OFFSET ?
prisma:query SELECT `main`.`order_items`.`id`, `main`.`order_items`.`total`, `main`.`order_items`.`productId` FROM `main`.`order_items` LEFT JOIN `main`.`orders` AS `j0` ON (`j0`.`id`) = (`main`.`order_items`.`orderId`) WHERE ((`j0`.`status` = ? AND (`j0`.`id` IS NOT NULL)) AND `main`.`order_items`.`productId` IN (?,?,?,?,?)) LIMIT ? OFFSET ?
prisma:query SELECT `main`.`orders`.`id`, `main`.`orders`.`orderNumber`, `main`.`orders`.`userId`, `main`.`orders`.`totalAmount`, `main`.`orders`.`discountAmount`, `main`.`orders`.`finalAmount`, `main`.`orders`.`status`, `main`.`orders`.`paymentMethod`, `main`.`orders`.`paymentStatus`, `main`.`orders`.`transactionCode`, `main`.`orders`.`customerEmail`, `main`.`orders`.`customerName`, `main`.`orders`.`customerPhone`, `main`.`orders`.`note`, `main`.`orders`.`createdAt`, `main`.`orders`.`updatedAt` FROM `main`.`orders` WHERE 1=1 ORDER BY `main`.`orders`.`createdAt` DESC LIMIT ? OFFSET ?
prisma:query SELECT `main`.`users`.`id`, `main`.`users`.`name`, `main`.`users`.`email` FROM `main`.`users` WHERE `main`.`users`.`id` IN (?,?,?,?,?) LIMIT ? OFFSET ?
prisma:query SELECT `main`.`order_items`.`id`, `main`.`order_items`.`orderId`, `main`.`order_items`.`productId`, `main`.`order_items`.`quantity`, `main`.`order_items`.`price`, `main`.`order_items`.`total` FROM `main`.`order_items` WHERE `main`.`order_items`.`orderId` IN (?,?,?,?,?) LIMIT ? OFFSET ?
prisma:query SELECT `main`.`products`.`id`, `main`.`products`.`name` FROM `main`.`products` WHERE `main`.`products`.`id` IN (?,?,?,?,?,?,?) LIMIT ? OFFSET ?
prisma:query SELECT `main`.`users`.`id`, `main`.`users`.`email`, `main`.`users`.`passwordHash`, `main`.`users`.`name`, `main`.`users`.`avatar`, `main`.`users`.`balance`, `main`.`users`.`role`, `main`.`users`.`createdAt`, `main`.`users`.`updatedAt` FROM `main`.`users` WHERE (`main`.`users`.`id` = ? AND 1=1) LIMIT ? OFFSET ?
 GET /admin 200 in 342ms (next.js: 2ms, application-code: 340ms)
 GET /api/auth/session 200 in 15ms (next.js: 7ms, application-code: 8ms)
 GET /api/auth/session 200 in 8ms (next.js: 1671µs, application-code: 6ms)
 GET /admin 200 in 6ms (next.js: 1997µs, application-code: 4ms)
prisma:query SELECT COUNT(*) AS `_count$_all` FROM (SELECT `main`.`products`.`id` FROM `main`.`products` WHERE 1=1 LIMIT ? OFFSET ?) AS `sub`
prisma:query SELECT COUNT(*) AS `_count$_all` FROM (SELECT `main`.`product_keys`.`id` FROM `main`.`product_keys` WHERE 1=1 LIMIT ? OFFSET ?) AS `sub`
prisma:query SELECT COUNT(*) AS `_count$_all` FROM (SELECT `main`.`orders`.`id` FROM `main`.`orders` WHERE 1=1 LIMIT ? OFFSET ?) AS `sub`
prisma:query SELECT COUNT(*) AS `_count$_all` FROM (SELECT `main`.`users`.`id` FROM `main`.`users` WHERE 1=1 LIMIT ? OFFSET ?) AS `sub`
prisma:query SELECT COUNT(*) AS `_count$_all` FROM (SELECT `main`.`orders`.`id` FROM `main`.`orders` WHERE `main`.`orders`.`status` = ? LIMIT ? OFFSET ?) AS `sub`
prisma:query SELECT COUNT(*) AS `_count$_all` FROM (SELECT `main`.`orders`.`id` FROM `main`.`orders` WHERE `main`.`orders`.`status` = ? LIMIT ? OFFSET ?) AS `sub`
prisma:query SELECT COUNT(*) AS `_count$_all` FROM (SELECT `main`.`product_keys`.`id` FROM `main`.`product_keys` WHERE `main`.`product_keys`.`status` = ? LIMIT ? OFFSET ?) AS `sub`
prisma:query SELECT COUNT(*) AS `_count$_all` FROM (SELECT `main`.`product_keys`.`id` FROM `main`.`product_keys` WHERE `main`.`product_keys`.`status` = ? LIMIT ? OFFSET ?) AS `sub`
prisma:query SELECT SUM(`finalAmount`) AS `_sum$finalAmount` FROM (SELECT `main`.`orders`.`finalAmount` FROM `main`.`orders` WHERE `main`.`orders`.`status` = ? LIMIT ? OFFSET ?) AS `sub`
prisma:query SELECT `main`.`products`.`id`, `main`.`products`.`name`, `main`.`products`.`slug`, `main`.`products`.`description`, `main`.`products`.`shortDesc`, `main`.`products`.`price`, `main`.`products`.`salePrice`, `main`.`products`.`stock`, `main`.`products`.`sku`, `main`.`products`.`type`, `main`.`products`.`status`, `main`.`products`.`images`, `main`.`products`.`categoryId`, `main`.`products`.`createdAt`, `main`.`products`.`updatedAt` FROM `main`.`products` WHERE 1=1 LIMIT ? OFFSET ?
prisma:query SELECT `main`.`order_items`.`id`, `main`.`order_items`.`quantity`, `main`.`order_items`.`total`, `main`.`order_items`.`productId` FROM `main`.`order_items` LEFT JOIN `main`.`orders` AS `j0` ON (`j0`.`id`) = (`main`.`order_items`.`orderId`) WHERE ((`j0`.`status` = ? AND (`j0`.`id` IS NOT NULL)) AND `main`.`order_items`.`productId` IN (?,?,?,?,?)) LIMIT ? OFFSET ?
prisma:query SELECT `main`.`categories`.`id`, `main`.`categories`.`name`, `main`.`categories`.`slug`, `main`.`categories`.`description`, `main`.`categories`.`icon`, `main`.`categories`.`parentId`, `main`.`categories`.`createdAt` FROM `main`.`categories` WHERE 1=1 LIMIT ? OFFSET ?
prisma:query SELECT `main`.`products`.`id`, `main`.`products`.`name`, `main`.`products`.`slug`, `main`.`products`.`description`, `main`.`products`.`shortDesc`, `main`.`products`.`price`, `main`.`products`.`salePrice`, `main`.`products`.`stock`, `main`.`products`.`sku`, `main`.`products`.`type`, `main`.`products`.`status`, `main`.`products`.`images`, `main`.`products`.`categoryId`, `main`.`products`.`createdAt`, `main`.`products`.`updatedAt` FROM `main`.`products` WHERE `main`.`products`.`categoryId` IN (?,?,?,?,?) LIMIT ? OFFSET ?
prisma:query SELECT `main`.`order_items`.`id`, `main`.`order_items`.`total`, `main`.`order_items`.`productId` FROM `main`.`order_items` LEFT JOIN `main`.`orders` AS `j0` ON (`j0`.`id`) = (`main`.`order_items`.`orderId`) WHERE ((`j0`.`status` = ? AND (`j0`.`id` IS NOT NULL)) AND `main`.`order_items`.`productId` IN (?,?,?,?,?)) LIMIT ? OFFSET ?
prisma:query SELECT `main`.`orders`.`id`, `main`.`orders`.`orderNumber`, `main`.`orders`.`userId`, `main`.`orders`.`totalAmount`, `main`.`orders`.`discountAmount`, `main`.`orders`.`finalAmount`, `main`.`orders`.`status`, `main`.`orders`.`paymentMethod`, `main`.`orders`.`paymentStatus`, `main`.`orders`.`transactionCode`, `main`.`orders`.`customerEmail`, `main`.`orders`.`customerName`, `main`.`orders`.`customerPhone`, `main`.`orders`.`note`, `main`.`orders`.`createdAt`, `main`.`orders`.`updatedAt` FROM `main`.`orders` WHERE 1=1 ORDER BY `main`.`orders`.`createdAt` DESC LIMIT ? OFFSET ?
prisma:query SELECT `main`.`users`.`id`, `main`.`users`.`name`, `main`.`users`.`email` FROM `main`.`users` WHERE `main`.`users`.`id` IN (?,?,?,?,?) LIMIT ? OFFSET ?
prisma:query SELECT `main`.`order_items`.`id`, `main`.`order_items`.`orderId`, `main`.`order_items`.`productId`, `main`.`order_items`.`quantity`, `main`.`order_items`.`price`, `main`.`order_items`.`total` FROM `main`.`order_items` WHERE `main`.`order_items`.`orderId` IN (?,?,?,?,?) LIMIT ? OFFSET ?
prisma:query SELECT `main`.`products`.`id`, `main`.`products`.`name` FROM `main`.`products` WHERE `main`.`products`.`id` IN (?,?,?,?,?,?,?) LIMIT ? OFFSET ?
 GET /admin 200 in 80ms (next.js: 1809µs, application-code: 78ms)
prisma:query SELECT `main`.`products`.`id`, `main`.`products`.`name`, `main`.`products`.`slug`, `main`.`products`.`description`, `main`.`products`.`shortDesc`, `main`.`products`.`price`, `main`.`products`.`salePrice`, `main`.`products`.`stock`, `main`.`products`.`sku`, `main`.`products`.`type`, `main`.`products`.`status`, `main`.`products`.`images`, `main`.`products`.`categoryId`, `main`.`products`.`createdAt`, `main`.`products`.`updatedAt`, COALESCE(`aggr_selection_0_ProductKey`.`_aggr_count_productKeys`, 0) AS `_aggr_count_productKeys` FROM `main`.`products` LEFT JOIN (SELECT `main`.`product_keys`.`productId`, COUNT(*) AS `_aggr_count_productKeys` FROM `main`.`product_keys` WHERE 1=1 GROUP BY `main`.`product_keys`.`productId`) AS `aggr_selection_0_ProductKey` ON (`main`.`products`.`id` = `aggr_selection_0_ProductKey`.`productId`) WHERE 1=1 ORDER BY `main`.`products`.`createdAt` DESC LIMIT ? OFFSET ?
prisma:query SELECT `main`.`categories`.`id`, `main`.`categories`.`name`, `main`.`categories`.`slug`, `main`.`categories`.`description`, `main`.`categories`.`icon`, `main`.`categories`.`parentId`, `main`.`categories`.`createdAt` FROM `main`.`categories` WHERE `main`.`categories`.`id` IN (?,?,?,?,?) LIMIT ? OFFSET ?
prisma:query SELECT `main`.`categories`.`id`, `main`.`categories`.`name`, `main`.`categories`.`slug`, `main`.`categories`.`description`, `main`.`categories`.`icon`, `main`.`categories`.`parentId`, `main`.`categories`.`createdAt` FROM `main`.`categories` WHERE 1=1 ORDER BY `main`.`categories`.`name` ASC LIMIT ? OFFSET ?
 GET /admin/products 200 in 43ms (next.js: 10ms, application-code: 33ms)
prisma:query SELECT COUNT(*) AS `_count$_all` FROM (SELECT `main`.`products`.`id` FROM `main`.`products` WHERE 1=1 LIMIT ? OFFSET ?) AS `sub`
prisma:query SELECT COUNT(*) AS `_count$_all` FROM (SELECT `main`.`product_keys`.`id` FROM `main`.`product_keys` WHERE 1=1 LIMIT ? OFFSET ?) AS `sub`
prisma:query SELECT COUNT(*) AS `_count$_all` FROM (SELECT `main`.`orders`.`id` FROM `main`.`orders` WHERE 1=1 LIMIT ? OFFSET ?) AS `sub`
prisma:query SELECT COUNT(*) AS `_count$_all` FROM (SELECT `main`.`users`.`id` FROM `main`.`users` WHERE 1=1 LIMIT ? OFFSET ?) AS `sub`
prisma:query SELECT COUNT(*) AS `_count$_all` FROM (SELECT `main`.`orders`.`id` FROM `main`.`orders` WHERE `main`.`orders`.`status` = ? LIMIT ? OFFSET ?) AS `sub`
prisma:query SELECT COUNT(*) AS `_count$_all` FROM (SELECT `main`.`orders`.`id` FROM `main`.`orders` WHERE `main`.`orders`.`status` = ? LIMIT ? OFFSET ?) AS `sub`
prisma:query SELECT COUNT(*) AS `_count$_all` FROM (SELECT `main`.`product_keys`.`id` FROM `main`.`product_keys` WHERE `main`.`product_keys`.`status` = ? LIMIT ? OFFSET ?) AS `sub`
prisma:query SELECT COUNT(*) AS `_count$_all` FROM (SELECT `main`.`product_keys`.`id` FROM `main`.`product_keys` WHERE `main`.`product_keys`.`status` = ? LIMIT ? OFFSET ?) AS `sub`
prisma:query SELECT SUM(`finalAmount`) AS `_sum$finalAmount` FROM (SELECT `main`.`orders`.`finalAmount` FROM `main`.`orders` WHERE `main`.`orders`.`status` = ? LIMIT ? OFFSET ?) AS `sub`
prisma:query SELECT `main`.`products`.`id`, `main`.`products`.`name`, `main`.`products`.`slug`, `main`.`products`.`description`, `main`.`products`.`shortDesc`, `main`.`products`.`price`, `main`.`products`.`salePrice`, `main`.`products`.`stock`, `main`.`products`.`sku`, `main`.`products`.`type`, `main`.`products`.`status`, `main`.`products`.`images`, `main`.`products`.`categoryId`, `main`.`products`.`createdAt`, `main`.`products`.`updatedAt` FROM `main`.`products` WHERE 1=1 LIMIT ? OFFSET ?
prisma:query SELECT `main`.`order_items`.`id`, `main`.`order_items`.`quantity`, `main`.`order_items`.`total`, `main`.`order_items`.`productId` FROM `main`.`order_items` LEFT JOIN `main`.`orders` AS `j0` ON (`j0`.`id`) = (`main`.`order_items`.`orderId`) WHERE ((`j0`.`status` = ? AND (`j0`.`id` IS NOT NULL)) AND `main`.`order_items`.`productId` IN (?,?,?,?,?)) LIMIT ? OFFSET ?
prisma:query SELECT `main`.`categories`.`id`, `main`.`categories`.`name`, `main`.`categories`.`slug`, `main`.`categories`.`description`, `main`.`categories`.`icon`, `main`.`categories`.`parentId`, `main`.`categories`.`createdAt` FROM `main`.`categories` WHERE 1=1 LIMIT ? OFFSET ?
prisma:query SELECT `main`.`products`.`id`, `main`.`products`.`name`, `main`.`products`.`slug`, `main`.`products`.`description`, `main`.`products`.`shortDesc`, `main`.`products`.`price`, `main`.`products`.`salePrice`, `main`.`products`.`stock`, `main`.`products`.`sku`, `main`.`products`.`type`, `main`.`products`.`status`, `main`.`products`.`images`, `main`.`products`.`categoryId`, `main`.`products`.`createdAt`, `main`.`products`.`updatedAt` FROM `main`.`products` WHERE `main`.`products`.`categoryId` IN (?,?,?,?,?) LIMIT ? OFFSET ?
prisma:query SELECT `main`.`order_items`.`id`, `main`.`order_items`.`total`, `main`.`order_items`.`productId` FROM `main`.`order_items` LEFT JOIN `main`.`orders` AS `j0` ON (`j0`.`id`) = (`main`.`order_items`.`orderId`) WHERE ((`j0`.`status` = ? AND (`j0`.`id` IS NOT NULL)) AND `main`.`order_items`.`productId` IN (?,?,?,?,?)) LIMIT ? OFFSET ?
prisma:query SELECT `main`.`orders`.`id`, `main`.`orders`.`orderNumber`, `main`.`orders`.`userId`, `main`.`orders`.`totalAmount`, `main`.`orders`.`discountAmount`, `main`.`orders`.`finalAmount`, `main`.`orders`.`status`, `main`.`orders`.`paymentMethod`, `main`.`orders`.`paymentStatus`, `main`.`orders`.`transactionCode`, `main`.`orders`.`customerEmail`, `main`.`orders`.`customerName`, `main`.`orders`.`customerPhone`, `main`.`orders`.`note`, `main`.`orders`.`createdAt`, `main`.`orders`.`updatedAt` FROM `main`.`orders` WHERE 1=1 ORDER BY `main`.`orders`.`createdAt` DESC LIMIT ? OFFSET ?
prisma:query SELECT `main`.`users`.`id`, `main`.`users`.`name`, `main`.`users`.`email` FROM `main`.`users` WHERE `main`.`users`.`id` IN (?,?,?,?,?) LIMIT ? OFFSET ?
prisma:query SELECT `main`.`order_items`.`id`, `main`.`order_items`.`orderId`, `main`.`order_items`.`productId`, `main`.`order_items`.`quantity`, `main`.`order_items`.`price`, `main`.`order_items`.`total` FROM `main`.`order_items` WHERE `main`.`order_items`.`orderId` IN (?,?,?,?,?) LIMIT ? OFFSET ?
prisma:query SELECT `main`.`products`.`id`, `main`.`products`.`name` FROM `main`.`products` WHERE `main`.`products`.`id` IN (?,?,?,?,?,?,?) LIMIT ? OFFSET ?
 GET /admin 200 in 68ms (next.js: 1784µs, application-code: 66ms)
prisma:query SELECT `main`.`users`.`id`, `main`.`users`.`email`, `main`.`users`.`passwordHash`, `main`.`users`.`name`, `main`.`users`.`avatar`, `main`.`users`.`balance`, `main`.`users`.`role`, `main`.`users`.`createdAt`, `main`.`users`.`updatedAt` FROM `main`.`users` WHERE (`main`.`users`.`id` = ? AND 1=1) LIMIT ? OFFSET ?
prisma:query SELECT `main`.`orders`.`id`, `main`.`orders`.`orderNumber`, `main`.`orders`.`userId`, `main`.`orders`.`totalAmount`, `main`.`orders`.`discountAmount`, `main`.`orders`.`finalAmount`, `main`.`orders`.`status`, `main`.`orders`.`paymentMethod`, `main`.`orders`.`paymentStatus`, `main`.`orders`.`transactionCode`, `main`.`orders`.`customerEmail`, `main`.`orders`.`customerName`, `main`.`orders`.`customerPhone`, `main`.`orders`.`note`, `main`.`orders`.`createdAt`, `main`.`orders`.`updatedAt` FROM `main`.`orders` WHERE 1=1 ORDER BY `main`.`orders`.`createdAt` DESC LIMIT ? OFFSET ?
prisma:query SELECT `main`.`users`.`id`, `main`.`users`.`name`, `main`.`users`.`email` FROM `main`.`users` WHERE `main`.`users`.`id` IN (?,?,?,?,?) LIMIT ? OFFSET ?
prisma:query SELECT `main`.`order_items`.`id`, `main`.`order_items`.`orderId`, `main`.`order_items`.`productId`, `main`.`order_items`.`quantity`, `main`.`order_items`.`price`, `main`.`order_items`.`total` FROM `main`.`order_items` WHERE `main`.`order_items`.`orderId` IN (?,?,?,?,?) LIMIT ? OFFSET ?
prisma:query SELECT `main`.`products`.`id`, `main`.`products`.`name` FROM `main`.`products` WHERE `main`.`products`.`id` IN (?,?,?,?,?,?,?) LIMIT ? OFFSET ?
 GET /admin/orders 200 in 68ms (next.js: 26ms, application-code: 42ms)
prisma:query SELECT COUNT(*) AS `_count$_all` FROM (SELECT `main`.`products`.`id` FROM `main`.`products` WHERE 1=1 LIMIT ? OFFSET ?) AS `sub`
prisma:query SELECT COUNT(*) AS `_count$_all` FROM (SELECT `main`.`product_keys`.`id` FROM `main`.`product_keys` WHERE 1=1 LIMIT ? OFFSET ?) AS `sub`
prisma:query SELECT COUNT(*) AS `_count$_all` FROM (SELECT `main`.`orders`.`id` FROM `main`.`orders` WHERE 1=1 LIMIT ? OFFSET ?) AS `sub`
prisma:query SELECT COUNT(*) AS `_count$_all` FROM (SELECT `main`.`users`.`id` FROM `main`.`users` WHERE 1=1 LIMIT ? OFFSET ?) AS `sub`
prisma:query SELECT COUNT(*) AS `_count$_all` FROM (SELECT `main`.`orders`.`id` FROM `main`.`orders` WHERE `main`.`orders`.`status` = ? LIMIT ? OFFSET ?) AS `sub`
prisma:query SELECT COUNT(*) AS `_count$_all` FROM (SELECT `main`.`orders`.`id` FROM `main`.`orders` WHERE `main`.`orders`.`status` = ? LIMIT ? OFFSET ?) AS `sub`
prisma:query SELECT COUNT(*) AS `_count$_all` FROM (SELECT `main`.`product_keys`.`id` FROM `main`.`product_keys` WHERE `main`.`product_keys`.`status` = ? LIMIT ? OFFSET ?) AS `sub`
prisma:query SELECT COUNT(*) AS `_count$_all` FROM (SELECT `main`.`product_keys`.`id` FROM `main`.`product_keys` WHERE `main`.`product_keys`.`status` = ? LIMIT ? OFFSET ?) AS `sub`
prisma:query SELECT SUM(`finalAmount`) AS `_sum$finalAmount` FROM (SELECT `main`.`orders`.`finalAmount` FROM `main`.`orders` WHERE `main`.`orders`.`status` = ? LIMIT ? OFFSET ?) AS `sub`
prisma:query SELECT `main`.`products`.`id`, `main`.`products`.`name`, `main`.`products`.`slug`, `main`.`products`.`description`, `main`.`products`.`shortDesc`, `main`.`products`.`price`, `main`.`products`.`salePrice`, `main`.`products`.`stock`, `main`.`products`.`sku`, `main`.`products`.`type`, `main`.`products`.`status`, `main`.`products`.`images`, `main`.`products`.`categoryId`, `main`.`products`.`createdAt`, `main`.`products`.`updatedAt` FROM `main`.`products` WHERE 1=1 LIMIT ? OFFSET ?
prisma:query SELECT `main`.`order_items`.`id`, `main`.`order_items`.`quantity`, `main`.`order_items`.`total`, `main`.`order_items`.`productId` FROM `main`.`order_items` LEFT JOIN `main`.`orders` AS `j0` ON (`j0`.`id`) = (`main`.`order_items`.`orderId`) WHERE ((`j0`.`status` = ? AND (`j0`.`id` IS NOT NULL)) AND `main`.`order_items`.`productId` IN (?,?,?,?,?)) LIMIT ? OFFSET ?
prisma:query SELECT `main`.`categories`.`id`, `main`.`categories`.`name`, `main`.`categories`.`slug`, `main`.`categories`.`description`, `main`.`categories`.`icon`, `main`.`categories`.`parentId`, `main`.`categories`.`createdAt` FROM `main`.`categories` WHERE 1=1 LIMIT ? OFFSET ?
prisma:query SELECT `main`.`products`.`id`, `main`.`products`.`name`, `main`.`products`.`slug`, `main`.`products`.`description`, `main`.`products`.`shortDesc`, `main`.`products`.`price`, `main`.`products`.`salePrice`, `main`.`products`.`stock`, `main`.`products`.`sku`, `main`.`products`.`type`, `main`.`products`.`status`, `main`.`products`.`images`, `main`.`products`.`categoryId`, `main`.`products`.`createdAt`, `main`.`products`.`updatedAt` FROM `main`.`products` WHERE `main`.`products`.`categoryId` IN (?,?,?,?,?) LIMIT ? OFFSET ?
prisma:query SELECT `main`.`order_items`.`id`, `main`.`order_items`.`total`, `main`.`order_items`.`productId` FROM `main`.`order_items` LEFT JOIN `main`.`orders` AS `j0` ON (`j0`.`id`) = (`main`.`order_items`.`orderId`) WHERE ((`j0`.`status` = ? AND (`j0`.`id` IS NOT NULL)) AND `main`.`order_items`.`productId` IN (?,?,?,?,?)) LIMIT ? OFFSET ?
prisma:query SELECT `main`.`orders`.`id`, `main`.`orders`.`orderNumber`, `main`.`orders`.`userId`, `main`.`orders`.`totalAmount`, `main`.`orders`.`discountAmount`, `main`.`orders`.`finalAmount`, `main`.`orders`.`status`, `main`.`orders`.`paymentMethod`, `main`.`orders`.`paymentStatus`, `main`.`orders`.`transactionCode`, `main`.`orders`.`customerEmail`, `main`.`orders`.`customerName`, `main`.`orders`.`customerPhone`, `main`.`orders`.`note`, `main`.`orders`.`createdAt`, `main`.`orders`.`updatedAt` FROM `main`.`orders` WHERE 1=1 ORDER BY `main`.`orders`.`createdAt` DESC LIMIT ? OFFSET ?
prisma:query SELECT `main`.`users`.`id`, `main`.`users`.`name`, `main`.`users`.`email` FROM `main`.`users` WHERE `main`.`users`.`id` IN (?,?,?,?,?) LIMIT ? OFFSET ?
prisma:query SELECT `main`.`order_items`.`id`, `main`.`order_items`.`orderId`, `main`.`order_items`.`productId`, `main`.`order_items`.`quantity`, `main`.`order_items`.`price`, `main`.`order_items`.`total` FROM `main`.`order_items` WHERE `main`.`order_items`.`orderId` IN (?,?,?,?,?) LIMIT ? OFFSET ?
prisma:query SELECT `main`.`products`.`id`, `main`.`products`.`name` FROM `main`.`products` WHERE `main`.`products`.`id` IN (?,?,?,?,?,?,?) LIMIT ? OFFSET ?
 GET /admin 200 in 75ms (next.js: 1940µs, application-code: 73ms)
prisma:query SELECT `main`.`products`.`id`, `main`.`products`.`name`, `main`.`products`.`slug`, `main`.`products`.`description`, `main`.`products`.`shortDesc`, `main`.`products`.`price`, `main`.`products`.`salePrice`, `main`.`products`.`stock`, `main`.`products`.`sku`, `main`.`products`.`type`, `main`.`products`.`status`, `main`.`products`.`images`, `main`.`products`.`categoryId`, `main`.`products`.`createdAt`, `main`.`products`.`updatedAt`, COALESCE(`aggr_selection_0_ProductKey`.`_aggr_count_productKeys`, 0) AS `_aggr_count_productKeys` FROM `main`.`products` LEFT JOIN (SELECT `main`.`product_keys`.`productId`, COUNT(*) AS `_aggr_count_productKeys` FROM `main`.`product_keys` WHERE 1=1 GROUP BY `main`.`product_keys`.`productId`) AS `aggr_selection_0_ProductKey` ON (`main`.`products`.`id` = `aggr_selection_0_ProductKey`.`productId`) WHERE 1=1 ORDER BY `main`.`products`.`createdAt` DESC LIMIT ? OFFSET ?
prisma:query SELECT `main`.`categories`.`id`, `main`.`categories`.`name`, `main`.`categories`.`slug`, `main`.`categories`.`description`, `main`.`categories`.`icon`, `main`.`categories`.`parentId`, `main`.`categories`.`createdAt` FROM `main`.`categories` WHERE `main`.`categories`.`id` IN (?,?,?,?,?) LIMIT ? OFFSET ?
prisma:query SELECT `main`.`categories`.`id`, `main`.`categories`.`name`, `main`.`categories`.`slug`, `main`.`categories`.`description`, `main`.`categories`.`icon`, `main`.`categories`.`parentId`, `main`.`categories`.`createdAt` FROM `main`.`categories` WHERE 1=1 ORDER BY `main`.`categories`.`name` ASC LIMIT ? OFFSET ?
 GET /admin/products 200 in 32ms (next.js: 1798µs, application-code: 30ms)
prisma:query SELECT COUNT(*) AS `_count$_all` FROM (SELECT `main`.`products`.`id` FROM `main`.`products` WHERE 1=1 LIMIT ? OFFSET ?) AS `sub`
prisma:query SELECT COUNT(*) AS `_count$_all` FROM (SELECT `main`.`product_keys`.`id` FROM `main`.`product_keys` WHERE 1=1 LIMIT ? OFFSET ?) AS `sub`
prisma:query SELECT COUNT(*) AS `_count$_all` FROM (SELECT `main`.`orders`.`id` FROM `main`.`orders` WHERE 1=1 LIMIT ? OFFSET ?) AS `sub`
prisma:query SELECT COUNT(*) AS `_count$_all` FROM (SELECT `main`.`users`.`id` FROM `main`.`users` WHERE 1=1 LIMIT ? OFFSET ?) AS `sub`
prisma:query SELECT COUNT(*) AS `_count$_all` FROM (SELECT `main`.`orders`.`id` FROM `main`.`orders` WHERE `main`.`orders`.`status` = ? LIMIT ? OFFSET ?) AS `sub`
prisma:query SELECT COUNT(*) AS `_count$_all` FROM (SELECT `main`.`orders`.`id` FROM `main`.`orders` WHERE `main`.`orders`.`status` = ? LIMIT ? OFFSET ?) AS `sub`
prisma:query SELECT COUNT(*) AS `_count$_all` FROM (SELECT `main`.`product_keys`.`id` FROM `main`.`product_keys` WHERE `main`.`product_keys`.`status` = ? LIMIT ? OFFSET ?) AS `sub`
prisma:query SELECT COUNT(*) AS `_count$_all` FROM (SELECT `main`.`product_keys`.`id` FROM `main`.`product_keys` WHERE `main`.`product_keys`.`status` = ? LIMIT ? OFFSET ?) AS `sub`
prisma:query SELECT SUM(`finalAmount`) AS `_sum$finalAmount` FROM (SELECT `main`.`orders`.`finalAmount` FROM `main`.`orders` WHERE `main`.`orders`.`status` = ? LIMIT ? OFFSET ?) AS `sub`
prisma:query SELECT `main`.`products`.`id`, `main`.`products`.`name`, `main`.`products`.`slug`, `main`.`products`.`description`, `main`.`products`.`shortDesc`, `main`.`products`.`price`, `main`.`products`.`salePrice`, `main`.`products`.`stock`, `main`.`products`.`sku`, `main`.`products`.`type`, `main`.`products`.`status`, `main`.`products`.`images`, `main`.`products`.`categoryId`, `main`.`products`.`createdAt`, `main`.`products`.`updatedAt` FROM `main`.`products` WHERE 1=1 LIMIT ? OFFSET ?
prisma:query SELECT `main`.`order_items`.`id`, `main`.`order_items`.`quantity`, `main`.`order_items`.`total`, `main`.`order_items`.`productId` FROM `main`.`order_items` LEFT JOIN `main`.`orders` AS `j0` ON (`j0`.`id`) = (`main`.`order_items`.`orderId`) WHERE ((`j0`.`status` = ? AND (`j0`.`id` IS NOT NULL)) AND `main`.`order_items`.`productId` IN (?,?,?,?,?)) LIMIT ? OFFSET ?
prisma:query SELECT `main`.`categories`.`id`, `main`.`categories`.`name`, `main`.`categories`.`slug`, `main`.`categories`.`description`, `main`.`categories`.`icon`, `main`.`categories`.`parentId`, `main`.`categories`.`createdAt` FROM `main`.`categories` WHERE 1=1 LIMIT ? OFFSET ?
prisma:query SELECT `main`.`products`.`id`, `main`.`products`.`name`, `main`.`products`.`slug`, `main`.`products`.`description`, `main`.`products`.`shortDesc`, `main`.`products`.`price`, `main`.`products`.`salePrice`, `main`.`products`.`stock`, `main`.`products`.`sku`, `main`.`products`.`type`, `main`.`products`.`status`, `main`.`products`.`images`, `main`.`products`.`categoryId`, `main`.`products`.`createdAt`, `main`.`products`.`updatedAt` FROM `main`.`products` WHERE `main`.`products`.`categoryId` IN (?,?,?,?,?) LIMIT ? OFFSET ?
prisma:query SELECT `main`.`order_items`.`id`, `main`.`order_items`.`total`, `main`.`order_items`.`productId` FROM `main`.`order_items` LEFT JOIN `main`.`orders` AS `j0` ON (`j0`.`id`) = (`main`.`order_items`.`orderId`) WHERE ((`j0`.`status` = ? AND (`j0`.`id` IS NOT NULL)) AND `main`.`order_items`.`productId` IN (?,?,?,?,?)) LIMIT ? OFFSET ?
prisma:query SELECT `main`.`orders`.`id`, `main`.`orders`.`orderNumber`, `main`.`orders`.`userId`, `main`.`orders`.`totalAmount`, `main`.`orders`.`discountAmount`, `main`.`orders`.`finalAmount`, `main`.`orders`.`status`, `main`.`orders`.`paymentMethod`, `main`.`orders`.`paymentStatus`, `main`.`orders`.`transactionCode`, `main`.`orders`.`customerEmail`, `main`.`orders`.`customerName`, `main`.`orders`.`customerPhone`, `main`.`orders`.`note`, `main`.`orders`.`createdAt`, `main`.`orders`.`updatedAt` FROM `main`.`orders` WHERE 1=1 ORDER BY `main`.`orders`.`createdAt` DESC LIMIT ? OFFSET ?
prisma:query SELECT `main`.`users`.`id`, `main`.`users`.`name`, `main`.`users`.`email` FROM `main`.`users` WHERE `main`.`users`.`id` IN (?,?,?,?,?) LIMIT ? OFFSET ?
prisma:query SELECT `main`.`order_items`.`id`, `main`.`order_items`.`orderId`, `main`.`order_items`.`productId`, `main`.`order_items`.`quantity`, `main`.`order_items`.`price`, `main`.`order_items`.`total` FROM `main`.`order_items` WHERE `main`.`order_items`.`orderId` IN (?,?,?,?,?) LIMIT ? OFFSET ?
prisma:query SELECT `main`.`products`.`id`, `main`.`products`.`name` FROM `main`.`products` WHERE `main`.`products`.`id` IN (?,?,?,?,?,?,?) LIMIT ? OFFSET ?
 GET /admin 200 in 77ms (next.js: 2ms, application-code: 75ms)
prisma:query SELECT COUNT(*) AS `_count$_all` FROM (SELECT `main`.`products`.`id` FROM `main`.`products` WHERE 1=1 LIMIT ? OFFSET ?) AS `sub`
prisma:query SELECT COUNT(*) AS `_count$_all` FROM (SELECT `main`.`product_keys`.`id` FROM `main`.`product_keys` WHERE 1=1 LIMIT ? OFFSET ?) AS `sub`
prisma:query SELECT COUNT(*) AS `_count$_all` FROM (SELECT `main`.`orders`.`id` FROM `main`.`orders` WHERE 1=1 LIMIT ? OFFSET ?) AS `sub`
prisma:query SELECT COUNT(*) AS `_count$_all` FROM (SELECT `main`.`users`.`id` FROM `main`.`users` WHERE 1=1 LIMIT ? OFFSET ?) AS `sub`
prisma:query SELECT COUNT(*) AS `_count$_all` FROM (SELECT `main`.`orders`.`id` FROM `main`.`orders` WHERE `main`.`orders`.`status` = ? LIMIT ? OFFSET ?) AS `sub`
prisma:query SELECT COUNT(*) AS `_count$_all` FROM (SELECT `main`.`orders`.`id` FROM `main`.`orders` WHERE `main`.`orders`.`status` = ? LIMIT ? OFFSET ?) AS `sub`
prisma:query SELECT COUNT(*) AS `_count$_all` FROM (SELECT `main`.`product_keys`.`id` FROM `main`.`product_keys` WHERE `main`.`product_keys`.`status` = ? LIMIT ? OFFSET ?) AS `sub`
prisma:query SELECT COUNT(*) AS `_count$_all` FROM (SELECT `main`.`product_keys`.`id` FROM `main`.`product_keys` WHERE `main`.`product_keys`.`status` = ? LIMIT ? OFFSET ?) AS `sub`
prisma:query SELECT SUM(`finalAmount`) AS `_sum$finalAmount` FROM (SELECT `main`.`orders`.`finalAmount` FROM `main`.`orders` WHERE `main`.`orders`.`status` = ? LIMIT ? OFFSET ?) AS `sub`
prisma:query SELECT `main`.`products`.`id`, `main`.`products`.`name`, `main`.`products`.`slug`, `main`.`products`.`description`, `main`.`products`.`shortDesc`, `main`.`products`.`price`, `main`.`products`.`salePrice`, `main`.`products`.`stock`, `main`.`products`.`sku`, `main`.`products`.`type`, `main`.`products`.`status`, `main`.`products`.`images`, `main`.`products`.`categoryId`, `main`.`products`.`createdAt`, `main`.`products`.`updatedAt` FROM `main`.`products` WHERE 1=1 LIMIT ? OFFSET ?
prisma:query SELECT `main`.`order_items`.`id`, `main`.`order_items`.`quantity`, `main`.`order_items`.`total`, `main`.`order_items`.`productId` FROM `main`.`order_items` LEFT JOIN `main`.`orders` AS `j0` ON (`j0`.`id`) = (`main`.`order_items`.`orderId`) WHERE ((`j0`.`status` = ? AND (`j0`.`id` IS NOT NULL)) AND `main`.`order_items`.`productId` IN (?,?,?,?,?)) LIMIT ? OFFSET ?
prisma:query SELECT `main`.`categories`.`id`, `main`.`categories`.`name`, `main`.`categories`.`slug`, `main`.`categories`.`description`, `main`.`categories`.`icon`, `main`.`categories`.`parentId`, `main`.`categories`.`createdAt` FROM `main`.`categories` WHERE 1=1 LIMIT ? OFFSET ?
prisma:query SELECT `main`.`products`.`id`, `main`.`products`.`name`, `main`.`products`.`slug`, `main`.`products`.`description`, `main`.`products`.`shortDesc`, `main`.`products`.`price`, `main`.`products`.`salePrice`, `main`.`products`.`stock`, `main`.`products`.`sku`, `main`.`products`.`type`, `main`.`products`.`status`, `main`.`products`.`images`, `main`.`products`.`categoryId`, `main`.`products`.`createdAt`, `main`.`products`.`updatedAt` FROM `main`.`products` WHERE `main`.`products`.`categoryId` IN (?,?,?,?,?) LIMIT ? OFFSET ?
prisma:query SELECT `main`.`order_items`.`id`, `main`.`order_items`.`total`, `main`.`order_items`.`productId` FROM `main`.`order_items` LEFT JOIN `main`.`orders` AS `j0` ON (`j0`.`id`) = (`main`.`order_items`.`orderId`) WHERE ((`j0`.`status` = ? AND (`j0`.`id` IS NOT NULL)) AND `main`.`order_items`.`productId` IN (?,?,?,?,?)) LIMIT ? OFFSET ?
prisma:query SELECT `main`.`orders`.`id`, `main`.`orders`.`orderNumber`, `main`.`orders`.`userId`, `main`.`orders`.`totalAmount`, `main`.`orders`.`discountAmount`, `main`.`orders`.`finalAmount`, `main`.`orders`.`status`, `main`.`orders`.`paymentMethod`, `main`.`orders`.`paymentStatus`, `main`.`orders`.`transactionCode`, `main`.`orders`.`customerEmail`, `main`.`orders`.`customerName`, `main`.`orders`.`customerPhone`, `main`.`orders`.`note`, `main`.`orders`.`createdAt`, `main`.`orders`.`updatedAt` FROM `main`.`orders` WHERE 1=1 ORDER BY `main`.`orders`.`createdAt` DESC LIMIT ? OFFSET ?
prisma:query SELECT `main`.`users`.`id`, `main`.`users`.`name`, `main`.`users`.`email` FROM `main`.`users` WHERE `main`.`users`.`id` IN (?,?,?,?,?) LIMIT ? OFFSET ?
prisma:query SELECT `main`.`order_items`.`id`, `main`.`order_items`.`orderId`, `main`.`order_items`.`productId`, `main`.`order_items`.`quantity`, `main`.`order_items`.`price`, `main`.`order_items`.`total` FROM `main`.`order_items` WHERE `main`.`order_items`.`orderId` IN (?,?,?,?,?) LIMIT ? OFFSET ?
prisma:query SELECT `main`.`products`.`id`, `main`.`products`.`name` FROM `main`.`products` WHERE `main`.`products`.`id` IN (?,?,?,?,?,?,?) LIMIT ? OFFSET ?
prisma:query SELECT `main`.`users`.`id`, `main`.`users`.`email`, `main`.`users`.`passwordHash`, `main`.`users`.`name`, `main`.`users`.`avatar`, `main`.`users`.`balance`, `main`.`users`.`role`, `main`.`users`.`createdAt`, `main`.`users`.`updatedAt` FROM `main`.`users` WHERE (`main`.`users`.`id` = ? AND 1=1) LIMIT ? OFFSET ?
 GET /admin 200 in 159ms (next.js: 2ms, application-code: 157ms)
 GET /api/auth/session 200 in 16ms (next.js: 6ms, application-code: 9ms)
 GET /api/auth/session 200 in 7ms (next.js: 1719µs, application-code: 6ms)
prisma:query SELECT COUNT(*) AS `_count$_all` FROM (SELECT `main`.`products`.`id` FROM `main`.`products` WHERE 1=1 LIMIT ? OFFSET ?) AS `sub`
prisma:query SELECT COUNT(*) AS `_count$_all` FROM (SELECT `main`.`product_keys`.`id` FROM `main`.`product_keys` WHERE 1=1 LIMIT ? OFFSET ?) AS `sub`
prisma:query SELECT COUNT(*) AS `_count$_all` FROM (SELECT `main`.`orders`.`id` FROM `main`.`orders` WHERE 1=1 LIMIT ? OFFSET ?) AS `sub`
prisma:query SELECT COUNT(*) AS `_count$_all` FROM (SELECT `main`.`users`.`id` FROM `main`.`users` WHERE 1=1 LIMIT ? OFFSET ?) AS `sub`
prisma:query SELECT COUNT(*) AS `_count$_all` FROM (SELECT `main`.`orders`.`id` FROM `main`.`orders` WHERE `main`.`orders`.`status` = ? LIMIT ? OFFSET ?) AS `sub`
prisma:query SELECT COUNT(*) AS `_count$_all` FROM (SELECT `main`.`orders`.`id` FROM `main`.`orders` WHERE `main`.`orders`.`status` = ? LIMIT ? OFFSET ?) AS `sub`
prisma:query SELECT COUNT(*) AS `_count$_all` FROM (SELECT `main`.`product_keys`.`id` FROM `main`.`product_keys` WHERE `main`.`product_keys`.`status` = ? LIMIT ? OFFSET ?) AS `sub`
prisma:query SELECT COUNT(*) AS `_count$_all` FROM (SELECT `main`.`product_keys`.`id` FROM `main`.`product_keys` WHERE `main`.`product_keys`.`status` = ? LIMIT ? OFFSET ?) AS `sub`
prisma:query SELECT SUM(`finalAmount`) AS `_sum$finalAmount` FROM (SELECT `main`.`orders`.`finalAmount` FROM `main`.`orders` WHERE `main`.`orders`.`status` = ? LIMIT ? OFFSET ?) AS `sub`
prisma:query SELECT `main`.`products`.`id`, `main`.`products`.`name`, `main`.`products`.`slug`, `main`.`products`.`description`, `main`.`products`.`shortDesc`, `main`.`products`.`price`, `main`.`products`.`salePrice`, `main`.`products`.`stock`, `main`.`products`.`sku`, `main`.`products`.`type`, `main`.`products`.`status`, `main`.`products`.`images`, `main`.`products`.`categoryId`, `main`.`products`.`createdAt`, `main`.`products`.`updatedAt` FROM `main`.`products` WHERE 1=1 LIMIT ? OFFSET ?
prisma:query SELECT `main`.`order_items`.`id`, `main`.`order_items`.`quantity`, `main`.`order_items`.`total`, `main`.`order_items`.`productId` FROM `main`.`order_items` LEFT JOIN `main`.`orders` AS `j0` ON (`j0`.`id`) = (`main`.`order_items`.`orderId`) WHERE ((`j0`.`status` = ? AND (`j0`.`id` IS NOT NULL)) AND `main`.`order_items`.`productId` IN (?,?,?,?,?)) LIMIT ? OFFSET ?
prisma:query SELECT `main`.`categories`.`id`, `main`.`categories`.`name`, `main`.`categories`.`slug`, `main`.`categories`.`description`, `main`.`categories`.`icon`, `main`.`categories`.`parentId`, `main`.`categories`.`createdAt` FROM `main`.`categories` WHERE 1=1 LIMIT ? OFFSET ?
prisma:query SELECT `main`.`products`.`id`, `main`.`products`.`name`, `main`.`products`.`slug`, `main`.`products`.`description`, `main`.`products`.`shortDesc`, `main`.`products`.`price`, `main`.`products`.`salePrice`, `main`.`products`.`stock`, `main`.`products`.`sku`, `main`.`products`.`type`, `main`.`products`.`status`, `main`.`products`.`images`, `main`.`products`.`categoryId`, `main`.`products`.`createdAt`, `main`.`products`.`updatedAt` FROM `main`.`products` WHERE `main`.`products`.`categoryId` IN (?,?,?,?,?) LIMIT ? OFFSET ?
prisma:query SELECT `main`.`order_items`.`id`, `main`.`order_items`.`total`, `main`.`order_items`.`productId` FROM `main`.`order_items` LEFT JOIN `main`.`orders` AS `j0` ON (`j0`.`id`) = (`main`.`order_items`.`orderId`) WHERE ((`j0`.`status` = ? AND (`j0`.`id` IS NOT NULL)) AND `main`.`order_items`.`productId` IN (?,?,?,?,?)) LIMIT ? OFFSET ?
prisma:query SELECT `main`.`orders`.`id`, `main`.`orders`.`orderNumber`, `main`.`orders`.`userId`, `main`.`orders`.`totalAmount`, `main`.`orders`.`discountAmount`, `main`.`orders`.`finalAmount`, `main`.`orders`.`status`, `main`.`orders`.`paymentMethod`, `main`.`orders`.`paymentStatus`, `main`.`orders`.`transactionCode`, `main`.`orders`.`customerEmail`, `main`.`orders`.`customerName`, `main`.`orders`.`customerPhone`, `main`.`orders`.`note`, `main`.`orders`.`createdAt`, `main`.`orders`.`updatedAt` FROM `main`.`orders` WHERE 1=1 ORDER BY `main`.`orders`.`createdAt` DESC LIMIT ? OFFSET ?
prisma:query SELECT `main`.`users`.`id`, `main`.`users`.`name`, `main`.`users`.`email` FROM `main`.`users` WHERE `main`.`users`.`id` IN (?,?,?,?,?) LIMIT ? OFFSET ?
prisma:query SELECT `main`.`order_items`.`id`, `main`.`order_items`.`orderId`, `main`.`order_items`.`productId`, `main`.`order_items`.`quantity`, `main`.`order_items`.`price`, `main`.`order_items`.`total` FROM `main`.`order_items` WHERE `main`.`order_items`.`orderId` IN (?,?,?,?,?) LIMIT ? OFFSET ?
prisma:query SELECT `main`.`products`.`id`, `main`.`products`.`name` FROM `main`.`products` WHERE `main`.`products`.`id` IN (?,?,?,?,?,?,?) LIMIT ? OFFSET ?
prisma:query SELECT `main`.`users`.`id`, `main`.`users`.`email`, `main`.`users`.`passwordHash`, `main`.`users`.`name`, `main`.`users`.`avatar`, `main`.`users`.`balance`, `main`.`users`.`role`, `main`.`users`.`createdAt`, `main`.`users`.`updatedAt` FROM `main`.`users` WHERE (`main`.`users`.`id` = ? AND 1=1) LIMIT ? OFFSET ?
 GET /admin 200 in 173ms (next.js: 7ms, application-code: 166ms)
 GET /api/auth/session 200 in 18ms (next.js: 7ms, application-code: 10ms)
 GET /api/auth/session 200 in 9ms (next.js: 1857µs, application-code: 7ms)
 GET /api/auth/session 200 in 13ms (next.js: 6ms, application-code: 7ms)
 GET /api/auth/session 200 in 7ms (next.js: 1252µs, application-code: 5ms)
prisma:query SELECT COUNT(*) AS `_count$_all` FROM (SELECT `main`.`products`.`id` FROM `main`.`products` WHERE 1=1 LIMIT ? OFFSET ?) AS `sub`
prisma:query SELECT COUNT(*) AS `_count$_all` FROM (SELECT `main`.`product_keys`.`id` FROM `main`.`product_keys` WHERE 1=1 LIMIT ? OFFSET ?) AS `sub`
prisma:query SELECT COUNT(*) AS `_count$_all` FROM (SELECT `main`.`orders`.`id` FROM `main`.`orders` WHERE 1=1 LIMIT ? OFFSET ?) AS `sub`
prisma:query SELECT COUNT(*) AS `_count$_all` FROM (SELECT `main`.`users`.`id` FROM `main`.`users` WHERE 1=1 LIMIT ? OFFSET ?) AS `sub`
prisma:query SELECT COUNT(*) AS `_count$_all` FROM (SELECT `main`.`orders`.`id` FROM `main`.`orders` WHERE `main`.`orders`.`status` = ? LIMIT ? OFFSET ?) AS `sub`
prisma:query SELECT COUNT(*) AS `_count$_all` FROM (SELECT `main`.`orders`.`id` FROM `main`.`orders` WHERE `main`.`orders`.`status` = ? LIMIT ? OFFSET ?) AS `sub`
prisma:query SELECT COUNT(*) AS `_count$_all` FROM (SELECT `main`.`product_keys`.`id` FROM `main`.`product_keys` WHERE `main`.`product_keys`.`status` = ? LIMIT ? OFFSET ?) AS `sub`
prisma:query SELECT COUNT(*) AS `_count$_all` FROM (SELECT `main`.`product_keys`.`id` FROM `main`.`product_keys` WHERE `main`.`product_keys`.`status` = ? LIMIT ? OFFSET ?) AS `sub`
prisma:query SELECT SUM(`finalAmount`) AS `_sum$finalAmount` FROM (SELECT `main`.`orders`.`finalAmount` FROM `main`.`orders` WHERE `main`.`orders`.`status` = ? LIMIT ? OFFSET ?) AS `sub`
prisma:query SELECT `main`.`products`.`id`, `main`.`products`.`name`, `main`.`products`.`slug`, `main`.`products`.`description`, `main`.`products`.`shortDesc`, `main`.`products`.`price`, `main`.`products`.`salePrice`, `main`.`products`.`stock`, `main`.`products`.`sku`, `main`.`products`.`type`, `main`.`products`.`status`, `main`.`products`.`images`, `main`.`products`.`categoryId`, `main`.`products`.`createdAt`, `main`.`products`.`updatedAt` FROM `main`.`products` WHERE 1=1 LIMIT ? OFFSET ?
prisma:query SELECT `main`.`order_items`.`id`, `main`.`order_items`.`quantity`, `main`.`order_items`.`total`, `main`.`order_items`.`productId` FROM `main`.`order_items` LEFT JOIN `main`.`orders` AS `j0` ON (`j0`.`id`) = (`main`.`order_items`.`orderId`) WHERE ((`j0`.`status` = ? AND (`j0`.`id` IS NOT NULL)) AND `main`.`order_items`.`productId` IN (?,?,?,?,?)) LIMIT ? OFFSET ?
prisma:query SELECT `main`.`categories`.`id`, `main`.`categories`.`name`, `main`.`categories`.`slug`, `main`.`categories`.`description`, `main`.`categories`.`icon`, `main`.`categories`.`parentId`, `main`.`categories`.`createdAt` FROM `main`.`categories` WHERE 1=1 LIMIT ? OFFSET ?
prisma:query SELECT `main`.`products`.`id`, `main`.`products`.`name`, `main`.`products`.`slug`, `main`.`products`.`description`, `main`.`products`.`shortDesc`, `main`.`products`.`price`, `main`.`products`.`salePrice`, `main`.`products`.`stock`, `main`.`products`.`sku`, `main`.`products`.`type`, `main`.`products`.`status`, `main`.`products`.`images`, `main`.`products`.`categoryId`, `main`.`products`.`createdAt`, `main`.`products`.`updatedAt` FROM `main`.`products` WHERE `main`.`products`.`categoryId` IN (?,?,?,?,?) LIMIT ? OFFSET ?
prisma:query SELECT `main`.`order_items`.`id`, `main`.`order_items`.`total`, `main`.`order_items`.`productId` FROM `main`.`order_items` LEFT JOIN `main`.`orders` AS `j0` ON (`j0`.`id`) = (`main`.`order_items`.`orderId`) WHERE ((`j0`.`status` = ? AND (`j0`.`id` IS NOT NULL)) AND `main`.`order_items`.`productId` IN (?,?,?,?,?)) LIMIT ? OFFSET ?
prisma:query SELECT `main`.`orders`.`id`, `main`.`orders`.`orderNumber`, `main`.`orders`.`userId`, `main`.`orders`.`totalAmount`, `main`.`orders`.`discountAmount`, `main`.`orders`.`finalAmount`, `main`.`orders`.`status`, `main`.`orders`.`paymentMethod`, `main`.`orders`.`paymentStatus`, `main`.`orders`.`transactionCode`, `main`.`orders`.`customerEmail`, `main`.`orders`.`customerName`, `main`.`orders`.`customerPhone`, `main`.`orders`.`note`, `main`.`orders`.`createdAt`, `main`.`orders`.`updatedAt` FROM `main`.`orders` WHERE 1=1 ORDER BY `main`.`orders`.`createdAt` DESC LIMIT ? OFFSET ?
prisma:query SELECT `main`.`users`.`id`, `main`.`users`.`name`, `main`.`users`.`email` FROM `main`.`users` WHERE `main`.`users`.`id` IN (?,?,?,?,?) LIMIT ? OFFSET ?
prisma:query SELECT `main`.`order_items`.`id`, `main`.`order_items`.`orderId`, `main`.`order_items`.`productId`, `main`.`order_items`.`quantity`, `main`.`order_items`.`price`, `main`.`order_items`.`total` FROM `main`.`order_items` WHERE `main`.`order_items`.`orderId` IN (?,?,?,?,?) LIMIT ? OFFSET ?
prisma:query SELECT `main`.`products`.`id`, `main`.`products`.`name` FROM `main`.`products` WHERE `main`.`products`.`id` IN (?,?,?,?,?,?,?) LIMIT ? OFFSET ?
prisma:query SELECT `main`.`users`.`id`, `main`.`users`.`email`, `main`.`users`.`passwordHash`, `main`.`users`.`name`, `main`.`users`.`avatar`, `main`.`users`.`balance`, `main`.`users`.`role`, `main`.`users`.`createdAt`, `main`.`users`.`updatedAt` FROM `main`.`users` WHERE (`main`.`users`.`id` = ? AND 1=1) LIMIT ? OFFSET ?
 GET /admin 200 in 171ms (next.js: 2ms, application-code: 169ms)
 GET /api/auth/session 200 in 14ms (next.js: 6ms, application-code: 7ms)
 GET /api/auth/session 200 in 7ms (next.js: 1368µs, application-code: 6ms)
prisma:query SELECT `main`.`products`.`id`, `main`.`products`.`name`, `main`.`products`.`slug`, `main`.`products`.`description`, `main`.`products`.`shortDesc`, `main`.`products`.`price`, `main`.`products`.`salePrice`, `main`.`products`.`stock`, `main`.`products`.`sku`, `main`.`products`.`type`, `main`.`products`.`status`, `main`.`products`.`images`, `main`.`products`.`categoryId`, `main`.`products`.`createdAt`, `main`.`products`.`updatedAt` FROM `main`.`products` WHERE 1=1 ORDER BY `main`.`products`.`name` ASC LIMIT ? OFFSET ?
 GET /admin/keys 200 in 39ms (next.js: 19ms, application-code: 20ms)
prisma:query SELECT COUNT(*) AS `_count$_all` FROM (SELECT `main`.`products`.`id` FROM `main`.`products` WHERE 1=1 LIMIT ? OFFSET ?) AS `sub`
prisma:query SELECT COUNT(*) AS `_count$_all` FROM (SELECT `main`.`product_keys`.`id` FROM `main`.`product_keys` WHERE 1=1 LIMIT ? OFFSET ?) AS `sub`
prisma:query SELECT COUNT(*) AS `_count$_all` FROM (SELECT `main`.`orders`.`id` FROM `main`.`orders` WHERE 1=1 LIMIT ? OFFSET ?) AS `sub`
prisma:query SELECT COUNT(*) AS `_count$_all` FROM (SELECT `main`.`users`.`id` FROM `main`.`users` WHERE 1=1 LIMIT ? OFFSET ?) AS `sub`
prisma:query SELECT COUNT(*) AS `_count$_all` FROM (SELECT `main`.`orders`.`id` FROM `main`.`orders` WHERE `main`.`orders`.`status` = ? LIMIT ? OFFSET ?) AS `sub`
prisma:query SELECT COUNT(*) AS `_count$_all` FROM (SELECT `main`.`orders`.`id` FROM `main`.`orders` WHERE `main`.`orders`.`status` = ? LIMIT ? OFFSET ?) AS `sub`
prisma:query SELECT COUNT(*) AS `_count$_all` FROM (SELECT `main`.`product_keys`.`id` FROM `main`.`product_keys` WHERE `main`.`product_keys`.`status` = ? LIMIT ? OFFSET ?) AS `sub`
prisma:query SELECT COUNT(*) AS `_count$_all` FROM (SELECT `main`.`product_keys`.`id` FROM `main`.`product_keys` WHERE `main`.`product_keys`.`status` = ? LIMIT ? OFFSET ?) AS `sub`
prisma:query SELECT SUM(`finalAmount`) AS `_sum$finalAmount` FROM (SELECT `main`.`orders`.`finalAmount` FROM `main`.`orders` WHERE `main`.`orders`.`status` = ? LIMIT ? OFFSET ?) AS `sub`
prisma:query SELECT `main`.`products`.`id`, `main`.`products`.`name`, `main`.`products`.`slug`, `main`.`products`.`description`, `main`.`products`.`shortDesc`, `main`.`products`.`price`, `main`.`products`.`salePrice`, `main`.`products`.`stock`, `main`.`products`.`sku`, `main`.`products`.`type`, `main`.`products`.`status`, `main`.`products`.`images`, `main`.`products`.`categoryId`, `main`.`products`.`createdAt`, `main`.`products`.`updatedAt` FROM `main`.`products` WHERE 1=1 LIMIT ? OFFSET ?
prisma:query SELECT `main`.`order_items`.`id`, `main`.`order_items`.`quantity`, `main`.`order_items`.`total`, `main`.`order_items`.`productId` FROM `main`.`order_items` LEFT JOIN `main`.`orders` AS `j0` ON (`j0`.`id`) = (`main`.`order_items`.`orderId`) WHERE ((`j0`.`status` = ? AND (`j0`.`id` IS NOT NULL)) AND `main`.`order_items`.`productId` IN (?,?,?,?,?)) LIMIT ? OFFSET ?
prisma:query SELECT `main`.`categories`.`id`, `main`.`categories`.`name`, `main`.`categories`.`slug`, `main`.`categories`.`description`, `main`.`categories`.`icon`, `main`.`categories`.`parentId`, `main`.`categories`.`createdAt` FROM `main`.`categories` WHERE 1=1 LIMIT ? OFFSET ?
prisma:query SELECT `main`.`products`.`id`, `main`.`products`.`name`, `main`.`products`.`slug`, `main`.`products`.`description`, `main`.`products`.`shortDesc`, `main`.`products`.`price`, `main`.`products`.`salePrice`, `main`.`products`.`stock`, `main`.`products`.`sku`, `main`.`products`.`type`, `main`.`products`.`status`, `main`.`products`.`images`, `main`.`products`.`categoryId`, `main`.`products`.`createdAt`, `main`.`products`.`updatedAt` FROM `main`.`products` WHERE `main`.`products`.`categoryId` IN (?,?,?,?,?) LIMIT ? OFFSET ?
prisma:query SELECT `main`.`order_items`.`id`, `main`.`order_items`.`total`, `main`.`order_items`.`productId` FROM `main`.`order_items` LEFT JOIN `main`.`orders` AS `j0` ON (`j0`.`id`) = (`main`.`order_items`.`orderId`) WHERE ((`j0`.`status` = ? AND (`j0`.`id` IS NOT NULL)) AND `main`.`order_items`.`productId` IN (?,?,?,?,?)) LIMIT ? OFFSET ?
prisma:query SELECT `main`.`orders`.`id`, `main`.`orders`.`orderNumber`, `main`.`orders`.`userId`, `main`.`orders`.`totalAmount`, `main`.`orders`.`discountAmount`, `main`.`orders`.`finalAmount`, `main`.`orders`.`status`, `main`.`orders`.`paymentMethod`, `main`.`orders`.`paymentStatus`, `main`.`orders`.`transactionCode`, `main`.`orders`.`customerEmail`, `main`.`orders`.`customerName`, `main`.`orders`.`customerPhone`, `main`.`orders`.`note`, `main`.`orders`.`createdAt`, `main`.`orders`.`updatedAt` FROM `main`.`orders` WHERE 1=1 ORDER BY `main`.`orders`.`createdAt` DESC LIMIT ? OFFSET ?
prisma:query SELECT `main`.`users`.`id`, `main`.`users`.`name`, `main`.`users`.`email` FROM `main`.`users` WHERE `main`.`users`.`id` IN (?,?,?,?,?) LIMIT ? OFFSET ?
prisma:query SELECT `main`.`order_items`.`id`, `main`.`order_items`.`orderId`, `main`.`order_items`.`productId`, `main`.`order_items`.`quantity`, `main`.`order_items`.`price`, `main`.`order_items`.`total` FROM `main`.`order_items` WHERE `main`.`order_items`.`orderId` IN (?,?,?,?,?) LIMIT ? OFFSET ?
prisma:query SELECT `main`.`products`.`id`, `main`.`products`.`name` FROM `main`.`products` WHERE `main`.`products`.`id` IN (?,?,?,?,?,?,?) LIMIT ? OFFSET ?
 GET /admin 200 in 71ms (next.js: 1941µs, application-code: 69ms)
 GET /api/auth/session 200 in 12ms (next.js: 6ms, application-code: 7ms)
 GET /api/auth/session 200 in 10ms (next.js: 1677µs, application-code: 8ms)
prisma:query SELECT COUNT(*) AS `_count$_all` FROM (SELECT `main`.`products`.`id` FROM `main`.`products` WHERE 1=1 LIMIT ? OFFSET ?) AS `sub`
prisma:query SELECT COUNT(*) AS `_count$_all` FROM (SELECT `main`.`product_keys`.`id` FROM `main`.`product_keys` WHERE 1=1 LIMIT ? OFFSET ?) AS `sub`
prisma:query SELECT COUNT(*) AS `_count$_all` FROM (SELECT `main`.`orders`.`id` FROM `main`.`orders` WHERE 1=1 LIMIT ? OFFSET ?) AS `sub`
prisma:query SELECT COUNT(*) AS `_count$_all` FROM (SELECT `main`.`users`.`id` FROM `main`.`users` WHERE 1=1 LIMIT ? OFFSET ?) AS `sub`
prisma:query SELECT COUNT(*) AS `_count$_all` FROM (SELECT `main`.`orders`.`id` FROM `main`.`orders` WHERE `main`.`orders`.`status` = ? LIMIT ? OFFSET ?) AS `sub`
prisma:query SELECT COUNT(*) AS `_count$_all` FROM (SELECT `main`.`orders`.`id` FROM `main`.`orders` WHERE `main`.`orders`.`status` = ? LIMIT ? OFFSET ?) AS `sub`
prisma:query SELECT COUNT(*) AS `_count$_all` FROM (SELECT `main`.`product_keys`.`id` FROM `main`.`product_keys` WHERE `main`.`product_keys`.`status` = ? LIMIT ? OFFSET ?) AS `sub`
prisma:query SELECT COUNT(*) AS `_count$_all` FROM (SELECT `main`.`product_keys`.`id` FROM `main`.`product_keys` WHERE `main`.`product_keys`.`status` = ? LIMIT ? OFFSET ?) AS `sub`
prisma:query SELECT SUM(`finalAmount`) AS `_sum$finalAmount` FROM (SELECT `main`.`orders`.`finalAmount` FROM `main`.`orders` WHERE `main`.`orders`.`status` = ? LIMIT ? OFFSET ?) AS `sub`
prisma:query SELECT `main`.`products`.`id`, `main`.`products`.`name`, `main`.`products`.`slug`, `main`.`products`.`description`, `main`.`products`.`shortDesc`, `main`.`products`.`price`, `main`.`products`.`salePrice`, `main`.`products`.`stock`, `main`.`products`.`sku`, `main`.`products`.`type`, `main`.`products`.`status`, `main`.`products`.`images`, `main`.`products`.`categoryId`, `main`.`products`.`createdAt`, `main`.`products`.`updatedAt` FROM `main`.`products` WHERE 1=1 LIMIT ? OFFSET ?
prisma:query SELECT `main`.`order_items`.`id`, `main`.`order_items`.`quantity`, `main`.`order_items`.`total`, `main`.`order_items`.`productId` FROM `main`.`order_items` LEFT JOIN `main`.`orders` AS `j0` ON (`j0`.`id`) = (`main`.`order_items`.`orderId`) WHERE ((`j0`.`status` = ? AND (`j0`.`id` IS NOT NULL)) AND `main`.`order_items`.`productId` IN (?,?,?,?,?)) LIMIT ? OFFSET ?
prisma:query SELECT `main`.`categories`.`id`, `main`.`categories`.`name`, `main`.`categories`.`slug`, `main`.`categories`.`description`, `main`.`categories`.`icon`, `main`.`categories`.`parentId`, `main`.`categories`.`createdAt` FROM `main`.`categories` WHERE 1=1 LIMIT ? OFFSET ?
prisma:query SELECT `main`.`products`.`id`, `main`.`products`.`name`, `main`.`products`.`slug`, `main`.`products`.`description`, `main`.`products`.`shortDesc`, `main`.`products`.`price`, `main`.`products`.`salePrice`, `main`.`products`.`stock`, `main`.`products`.`sku`, `main`.`products`.`type`, `main`.`products`.`status`, `main`.`products`.`images`, `main`.`products`.`categoryId`, `main`.`products`.`createdAt`, `main`.`products`.`updatedAt` FROM `main`.`products` WHERE `main`.`products`.`categoryId` IN (?,?,?,?,?) LIMIT ? OFFSET ?
prisma:query SELECT `main`.`order_items`.`id`, `main`.`order_items`.`total`, `main`.`order_items`.`productId` FROM `main`.`order_items` LEFT JOIN `main`.`orders` AS `j0` ON (`j0`.`id`) = (`main`.`order_items`.`orderId`) WHERE ((`j0`.`status` = ? AND (`j0`.`id` IS NOT NULL)) AND `main`.`order_items`.`productId` IN (?,?,?,?,?)) LIMIT ? OFFSET ?
prisma:query SELECT `main`.`orders`.`id`, `main`.`orders`.`orderNumber`, `main`.`orders`.`userId`, `main`.`orders`.`totalAmount`, `main`.`orders`.`discountAmount`, `main`.`orders`.`finalAmount`, `main`.`orders`.`status`, `main`.`orders`.`paymentMethod`, `main`.`orders`.`paymentStatus`, `main`.`orders`.`transactionCode`, `main`.`orders`.`customerEmail`, `main`.`orders`.`customerName`, `main`.`orders`.`customerPhone`, `main`.`orders`.`note`, `main`.`orders`.`createdAt`, `main`.`orders`.`updatedAt` FROM `main`.`orders` WHERE 1=1 ORDER BY `main`.`orders`.`createdAt` DESC LIMIT ? OFFSET ?
prisma:query SELECT `main`.`users`.`id`, `main`.`users`.`name`, `main`.`users`.`email` FROM `main`.`users` WHERE `main`.`users`.`id` IN (?,?,?,?,?) LIMIT ? OFFSET ?
prisma:query SELECT `main`.`order_items`.`id`, `main`.`order_items`.`orderId`, `main`.`order_items`.`productId`, `main`.`order_items`.`quantity`, `main`.`order_items`.`price`, `main`.`order_items`.`total` FROM `main`.`order_items` WHERE `main`.`order_items`.`orderId` IN (?,?,?,?,?) LIMIT ? OFFSET ?
prisma:query SELECT `main`.`products`.`id`, `main`.`products`.`name` FROM `main`.`products` WHERE `main`.`products`.`id` IN (?,?,?,?,?,?,?) LIMIT ? OFFSET ?
prisma:query SELECT `main`.`users`.`id`, `main`.`users`.`email`, `main`.`users`.`passwordHash`, `main`.`users`.`name`, `main`.`users`.`avatar`, `main`.`users`.`balance`, `main`.`users`.`role`, `main`.`users`.`createdAt`, `main`.`users`.`updatedAt` FROM `main`.`users` WHERE (`main`.`users`.`id` = ? AND 1=1) LIMIT ? OFFSET ?
 GET /admin 200 in 176ms (next.js: 1858µs, application-code: 174ms)
 GET /api/auth/session 200 in 13ms (next.js: 6ms, application-code: 7ms)
 GET /api/auth/session 200 in 6ms (next.js: 1294µs, application-code: 5ms)
 GET /api/auth/session 200 in 15ms (next.js: 6ms, application-code: 9ms)
 GET /api/auth/session 200 in 7ms (next.js: 1311µs, application-code: 5ms)
 GET /api/auth/session 200 in 12ms (next.js: 6ms, application-code: 7ms)
 GET /api/auth/session 200 in 6ms (next.js: 1335µs, application-code: 5ms)
 GET /api/auth/session 200 in 15ms (next.js: 8ms, application-code: 7ms)
 GET /api/auth/session 200 in 8ms (next.js: 1361µs, application-code: 7ms)
prisma:query SELECT `main`.`products`.`id`, `main`.`products`.`name`, `main`.`products`.`slug`, `main`.`products`.`description`, `main`.`products`.`shortDesc`, `main`.`products`.`price`, `main`.`products`.`salePrice`, `main`.`products`.`stock`, `main`.`products`.`sku`, `main`.`products`.`type`, `main`.`products`.`status`, `main`.`products`.`images`, `main`.`products`.`categoryId`, `main`.`products`.`createdAt`, `main`.`products`.`updatedAt`, COALESCE(`aggr_selection_0_ProductKey`.`_aggr_count_productKeys`, 0) AS `_aggr_count_productKeys` FROM `main`.`products` LEFT JOIN (SELECT `main`.`product_keys`.`productId`, COUNT(*) AS `_aggr_count_productKeys` FROM `main`.`product_keys` WHERE 1=1 GROUP BY `main`.`product_keys`.`productId`) AS `aggr_selection_0_ProductKey` ON (`main`.`products`.`id` = `aggr_selection_0_ProductKey`.`productId`) WHERE 1=1 ORDER BY `main`.`products`.`createdAt` DESC LIMIT ? OFFSET ?
prisma:query SELECT `main`.`categories`.`id`, `main`.`categories`.`name`, `main`.`categories`.`slug`, `main`.`categories`.`description`, `main`.`categories`.`icon`, `main`.`categories`.`parentId`, `main`.`categories`.`createdAt` FROM `main`.`categories` WHERE `main`.`categories`.`id` IN (?,?,?,?,?) LIMIT ? OFFSET ?
prisma:query SELECT `main`.`categories`.`id`, `main`.`categories`.`name`, `main`.`categories`.`slug`, `main`.`categories`.`description`, `main`.`categories`.`icon`, `main`.`categories`.`parentId`, `main`.`categories`.`createdAt` FROM `main`.`categories` WHERE 1=1 ORDER BY `main`.`categories`.`name` ASC LIMIT ? OFFSET ?
 GET /admin/products 200 in 32ms (next.js: 2ms, application-code: 30ms)
 GET /api/auth/session 200 in 12ms (next.js: 6ms, application-code: 6ms)
 GET /api/auth/session 200 in 7ms (next.js: 1420µs, application-code: 6ms)
 GET /api/auth/session 200 in 13ms (next.js: 6ms, application-code: 7ms)
 GET /api/auth/session 200 in 7ms (next.js: 1490µs, application-code: 5ms)
prisma:query SELECT `main`.`users`.`id`, `main`.`users`.`email`, `main`.`users`.`passwordHash`, `main`.`users`.`name`, `main`.`users`.`avatar`, `main`.`users`.`balance`, `main`.`users`.`role`, `main`.`users`.`createdAt`, `main`.`users`.`updatedAt` FROM `main`.`users` WHERE (`main`.`users`.`id` = ? AND 1=1) LIMIT ? OFFSET ?
prisma:query SELECT `main`.`orders`.`id`, `main`.`orders`.`orderNumber`, `main`.`orders`.`userId`, `main`.`orders`.`totalAmount`, `main`.`orders`.`discountAmount`, `main`.`orders`.`finalAmount`, `main`.`orders`.`status`, `main`.`orders`.`paymentMethod`, `main`.`orders`.`paymentStatus`, `main`.`orders`.`transactionCode`, `main`.`orders`.`customerEmail`, `main`.`orders`.`customerName`, `main`.`orders`.`customerPhone`, `main`.`orders`.`note`, `main`.`orders`.`createdAt`, `main`.`orders`.`updatedAt` FROM `main`.`orders` WHERE 1=1 ORDER BY `main`.`orders`.`createdAt` DESC LIMIT ? OFFSET ?
prisma:query SELECT `main`.`users`.`id`, `main`.`users`.`name`, `main`.`users`.`email` FROM `main`.`users` WHERE `main`.`users`.`id` IN (?,?,?,?,?) LIMIT ? OFFSET ?
prisma:query SELECT `main`.`order_items`.`id`, `main`.`order_items`.`orderId`, `main`.`order_items`.`productId`, `main`.`order_items`.`quantity`, `main`.`order_items`.`price`, `main`.`order_items`.`total` FROM `main`.`order_items` WHERE `main`.`order_items`.`orderId` IN (?,?,?,?,?) LIMIT ? OFFSET ?
prisma:query SELECT `main`.`products`.`id`, `main`.`products`.`name` FROM `main`.`products` WHERE `main`.`products`.`id` IN (?,?,?,?,?,?,?) LIMIT ? OFFSET ?
 GET /admin/orders 200 in 37ms (next.js: 1909µs, application-code: 35ms)
prisma:query SELECT `main`.`products`.`id`, `main`.`products`.`name`, `main`.`products`.`slug`, `main`.`products`.`description`, `main`.`products`.`shortDesc`, `main`.`products`.`price`, `main`.`products`.`salePrice`, `main`.`products`.`stock`, `main`.`products`.`sku`, `main`.`products`.`type`, `main`.`products`.`status`, `main`.`products`.`images`, `main`.`products`.`categoryId`, `main`.`products`.`createdAt`, `main`.`products`.`updatedAt` FROM `main`.`products` WHERE 1=1 ORDER BY `main`.`products`.`name` ASC LIMIT ? OFFSET ?
 GET /admin/keys 200 in 20ms (next.js: 1731µs, application-code: 19ms)
 GET /api/auth/session 200 in 12ms (next.js: 6ms, application-code: 6ms)
 GET /api/auth/session 200 in 9ms (next.js: 1623µs, application-code: 7ms)
prisma:query SELECT `main`.`users`.`id`, `main`.`users`.`email`, `main`.`users`.`passwordHash`, `main`.`users`.`name`, `main`.`users`.`avatar`, `main`.`users`.`balance`, `main`.`users`.`role`, `main`.`users`.`createdAt`, `main`.`users`.`updatedAt` FROM `main`.`users` WHERE (`main`.`users`.`id` = ? AND 1=1) LIMIT ? OFFSET ?
prisma:query SELECT `main`.`orders`.`id`, `main`.`orders`.`orderNumber`, `main`.`orders`.`userId`, `main`.`orders`.`totalAmount`, `main`.`orders`.`discountAmount`, `main`.`orders`.`finalAmount`, `main`.`orders`.`status`, `main`.`orders`.`paymentMethod`, `main`.`orders`.`paymentStatus`, `main`.`orders`.`transactionCode`, `main`.`orders`.`customerEmail`, `main`.`orders`.`customerName`, `main`.`orders`.`customerPhone`, `main`.`orders`.`note`, `main`.`orders`.`createdAt`, `main`.`orders`.`updatedAt` FROM `main`.`orders` WHERE 1=1 ORDER BY `main`.`orders`.`createdAt` DESC LIMIT ? OFFSET ?
prisma:query SELECT `main`.`users`.`id`, `main`.`users`.`name`, `main`.`users`.`email` FROM `main`.`users` WHERE `main`.`users`.`id` IN (?,?,?,?,?) LIMIT ? OFFSET ?
prisma:query SELECT `main`.`order_items`.`id`, `main`.`order_items`.`orderId`, `main`.`order_items`.`productId`, `main`.`order_items`.`quantity`, `main`.`order_items`.`price`, `main`.`order_items`.`total` FROM `main`.`order_items` WHERE `main`.`order_items`.`orderId` IN (?,?,?,?,?) LIMIT ? OFFSET ?
prisma:query SELECT `main`.`products`.`id`, `main`.`products`.`name` FROM `main`.`products` WHERE `main`.`products`.`id` IN (?,?,?,?,?,?,?) LIMIT ? OFFSET ?
 GET /admin/orders 200 in 39ms (next.js: 1898µs, application-code: 38ms)
 GET /api/auth/session 200 in 12ms (next.js: 6ms, application-code: 7ms)
 GET /api/auth/session 200 in 7ms (next.js: 1313µs, application-code: 6ms)
prisma:query SELECT `main`.`users`.`id`, `main`.`users`.`email`, `main`.`users`.`passwordHash`, `main`.`users`.`name`, `main`.`users`.`avatar`, `main`.`users`.`balance`, `main`.`users`.`role`, `main`.`users`.`createdAt`, `main`.`users`.`updatedAt` FROM `main`.`users` WHERE (`main`.`users`.`id` = ? AND 1=1) LIMIT ? OFFSET ?
prisma:query SELECT `main`.`users`.`id`, `main`.`users`.`email`, `main`.`users`.`name`, `main`.`users`.`balance`, `main`.`users`.`role`, `main`.`users`.`createdAt`, COALESCE(`aggr_selection_0_Order`.`_aggr_count_orders`, 0) AS `_aggr_count_orders`, COALESCE(`aggr_selection_1_Download`.`_aggr_count_downloads`, 0) AS `_aggr_count_downloads` FROM `main`.`users` LEFT JOIN (SELECT `main`.`orders`.`userId`, COUNT(*) AS `_aggr_count_orders` FROM `main`.`orders` WHERE 1=1 GROUP BY `main`.`orders`.`userId`) AS `aggr_selection_0_Order` ON (`main`.`users`.`id` = `aggr_selection_0_Order`.`userId`) LEFT JOIN (SELECT `main`.`downloads`.`userId`, COUNT(*) AS `_aggr_count_downloads` FROM `main`.`downloads` WHERE 1=1 GROUP BY `main`.`downloads`.`userId`) AS `aggr_selection_1_Download` ON (`main`.`users`.`id` = `aggr_selection_1_Download`.`userId`) WHERE 1=1 ORDER BY `main`.`users`.`createdAt` DESC LIMIT ? OFFSET ?
 GET /admin/users 200 in 58ms (next.js: 19ms, application-code: 39ms)
 GET /api/auth/session 200 in 15ms (next.js: 8ms, application-code: 7ms)
 GET /api/auth/session 200 in 7ms (next.js: 1386µs, application-code: 5ms)
 GET /api/auth/session 200 in 11ms (next.js: 5ms, application-code: 6ms)
 GET /api/auth/session 200 in 7ms (next.js: 1242µs, application-code: 5ms)
prisma:query SELECT `main`.`products`.`id`, `main`.`products`.`name`, `main`.`products`.`slug`, `main`.`products`.`description`, `main`.`products`.`shortDesc`, `main`.`products`.`price`, `main`.`products`.`salePrice`, `main`.`products`.`stock`, `main`.`products`.`sku`, `main`.`products`.`type`, `main`.`products`.`status`, `main`.`products`.`images`, `main`.`products`.`categoryId`, `main`.`products`.`createdAt`, `main`.`products`.`updatedAt` FROM `main`.`products` WHERE `main`.`products`.`status` = ? ORDER BY `main`.`products`.`createdAt` DESC LIMIT ? OFFSET ?
 GET / 200 in 40ms (next.js: 13ms, application-code: 28ms)
 GET /api/auth/session 200 in 16ms (next.js: 7ms, application-code: 9ms)
 GET /api/auth/session 200 in 7ms (next.js: 1525µs, application-code: 6ms)
prisma:query SELECT `main`.`products`.`id`, `main`.`products`.`name`, `main`.`products`.`slug`, `main`.`products`.`description`, `main`.`products`.`shortDesc`, `main`.`products`.`price`, `main`.`products`.`salePrice`, `main`.`products`.`stock`, `main`.`products`.`sku`, `main`.`products`.`type`, `main`.`products`.`status`, `main`.`products`.`images`, `main`.`products`.`categoryId`, `main`.`products`.`createdAt`, `main`.`products`.`updatedAt` FROM `main`.`products` WHERE `main`.`products`.`status` = ? ORDER BY `main`.`products`.`createdAt` DESC LIMIT ? OFFSET ?
 GET / 200 in 136ms (next.js: 2ms, application-code: 134ms)
 GET /api/auth/session 200 in 13ms (next.js: 7ms, application-code: 7ms)
 GET /api/auth/session 200 in 7ms (next.js: 1674µs, application-code: 5ms)
 GET /api/auth/session 200 in 17ms (next.js: 8ms, application-code: 9ms)
 GET /api/auth/session 200 in 7ms (next.js: 1771µs, application-code: 5ms)
✓ Compiled in 114ms
✓ Compiled in 112ms
✓ Compiled in 105ms
✓ Compiled in 317ms
✓ Compiled in 102ms
[?25h
